{"stats":{"minecraft:mined":{"minecraft:dark_oak_planks":1,"minecraft:hay_block":3,"minecraft:short_grass":1},"minecraft:used":{"minecraft:dark_oak_planks":1,"minecraft:hay_block":3},"minecraft:killed_by":{"minecraft:skeleton":1,"minecraft:creeper":1,"minecraft:spider":4,"minecraft:zombie":1},"minecraft:picked_up":{"minecraft:dark_oak_planks":1,"minecraft:acacia_log":1,"minecraft:hay_block":3,"minecraft:dirt":13},"minecraft:custom":{"minecraft:time_since_rest":503,"minecraft:crouch_one_cm":122,"minecraft:play_time":8120,"minecraft:sprint_one_cm":38536,"minecraft:walk_one_cm":21587,"minecraft:damage_taken":1953,"minecraft:deaths":7,"minecraft:sneak_time":36,"minecraft:walk_under_water_one_cm":218,"minecraft:jump":304,"minecraft:damage_dealt":137,"minecraft:leave_game":1,"minecraft:time_since_death":449,"minecraft:walk_on_water_one_cm":550,"minecraft:total_world_time":8120,"minecraft:swim_one_cm":4973,"minecraft:fall_one_cm":8301,"minecraft:fly_one_cm":69869}},"DataVersion":3953}