{"stats":{"minecraft:killed":{"minecraft:zombie":1},"minecraft:crafted":{"minecraft:chest":1,"minecraft:oak_planks":16,"minecraft:crafting_table":1,"minecraft:stick":4},"minecraft:used":{"minecraft:oak_log":1,"minecraft:crafting_table":1,"minecraft:chest":1},"minecraft:custom":{"minecraft:open_chest":1,"minecraft:time_since_rest":6848,"minecraft:crouch_one_cm":915,"minecraft:play_time":6848,"minecraft:sprint_one_cm":10267,"minecraft:damage_taken":86,"minecraft:walk_one_cm":14620,"minecraft:sneak_time":256,"minecraft:mob_kills":1,"minecraft:jump":79,"minecraft:damage_dealt":208,"minecraft:leave_game":1,"minecraft:time_since_death":6848,"minecraft:total_world_time":6848,"minecraft:interact_with_crafting_table":6,"minecraft:fall_one_cm":1523,"minecraft:fly_one_cm":7895},"minecraft:mined":{"minecraft:short_grass":1,"minecraft:oak_log":5,"minecraft:oak_sign":1},"minecraft:picked_up":{"minecraft:oak_sign":1,"minecraft:rotten_flesh":2,"minecraft:oak_log":5}},"DataVersion":3953}