{"stats":{"minecraft:killed_by":{"minecraft:player":1},"minecraft:killed":{"minecraft:skeleton":1},"minecraft:used":{"minecraft:wooden_axe":14},"minecraft:custom":{"minecraft:time_since_rest":3680,"minecraft:play_time":6079,"minecraft:sprint_one_cm":3522,"minecraft:deaths":1,"minecraft:damage_taken":373,"minecraft:walk_one_cm":12823,"minecraft:sneak_time":33,"minecraft:mob_kills":1,"minecraft:jump":62,"minecraft:damage_dealt":199,"minecraft:leave_game":1,"minecraft:time_since_death":3491,"minecraft:total_world_time":6079,"minecraft:fall_one_cm":3553,"minecraft:fly_one_cm":3052},"minecraft:picked_up":{"minecraft:wooden_axe":1,"minecraft:stick":15,"minecraft:wheat_seeds":1,"minecraft:jungle_planks":7,"minecraft:cobblestone":6,"minecraft:jungle_sign":1},"minecraft:mined":{"minecraft:short_grass":3,"minecraft:oak_leaves":2}},"DataVersion":3953}