{"stats":{"minecraft:killed":{"minecraft:witch":4,"minecraft:spider":5,"minecraft:skeleton":12,"minecraft:chicken":1,"minecraft:piglin":4,"minecraft:pig":26,"minecraft:zombie_villager":1,"minecraft:iron_golem":1,"minecraft:creeper":4,"minecraft:sheep":14,"minecraft:pillager":20,"minecraft:zombie":15,"minecraft:blaze":8,"minecraft:cow":2,"minecraft:vex":2,"minecraft:evoker":1,"minecraft:vindicator":10,"minecraft:horse":1,"minecraft:ravager":2,"minecraft:hoglin":8,"minecraft:villager":2,"minecraft:enderman":1},"minecraft:mined":{"minecraft:spruce_planks":39,"minecraft:white_bed":6,"minecraft:cherry_log":88,"minecraft:brewing_stand":1,"minecraft:obsidian":20,"minecraft:granite":22,"minecraft:chiseled_polished_blackstone":4,"minecraft:grass_block":3,"minecraft:cracked_polished_blackstone_bricks":10,"minecraft:composter":4,"minecraft:oxeye_daisy":1,"minecraft:oak_wall_sign":6,"minecraft:nether_wart":36,"minecraft:spawner":3,"minecraft:polished_blackstone_bricks":24,"minecraft:raw_iron_block":3,"minecraft:iron_ore":42,"minecraft:fire":21,"minecraft:cobbled_deepslate":11,"minecraft:fletching_table":10,"minecraft:azure_bluet":3,"minecraft:enchanting_table":3,"minecraft:oak_sign":3,"minecraft:dirt_path":1,"minecraft:spruce_slab":2,"minecraft:blackstone":95,"minecraft:poppy":5,"minecraft:chest":1,"minecraft:spruce_wall_sign":4,"minecraft:cobblestone":15,"minecraft:sugar_cane":6,"minecraft:oak_planks":22,"minecraft:pink_petals":1,"minecraft:warped_nylium":5,"minecraft:oak_log":242,"minecraft:oak_fence_gate":1,"minecraft:dirt":12,"minecraft:netherrack":144,"minecraft:oak_leaves":34,"minecraft:deepslate":544,"minecraft:diamond_ore":3,"minecraft:tuff":98,"minecraft:deepslate_diamond_ore":71,"minecraft:allium":3,"minecraft:spruce_leaves":8,"minecraft:cherry_wall_sign":8,"minecraft:hay_block":40,"minecraft:spruce_sapling":2,"minecraft:furnace":3,"minecraft:carrots":1,"minecraft:andesite":22,"minecraft:stripped_spruce_log":2,"minecraft:gold_block":6,"minecraft:peony":1,"minecraft:bookshelf":17,"minecraft:deepslate_iron_ore":26,"minecraft:stripped_oak_log":1,"minecraft:stone":427,"minecraft:white_wool":3,"minecraft:podzol":1,"minecraft:oak_slab":3,"minecraft:soul_sand":40,"minecraft:basalt":31,"minecraft:dandelion":14,"minecraft:oak_fence":33,"minecraft:crafting_table":9,"minecraft:cornflower":1,"minecraft:short_grass":121,"minecraft:emerald_ore":3,"minecraft:lectern":60,"minecraft:copper_ore":1,"minecraft:tall_grass":34,"minecraft:lapis_ore":11,"minecraft:diorite":16,"minecraft:spruce_log":883,"minecraft:yellow_bed":4,"minecraft:white_wall_banner":1,"minecraft:coal_ore":12,"minecraft:cherry_leaves":3,"minecraft:dripstone_block":1,"minecraft:gravel":89,"minecraft:cherry_sign":4,"minecraft:chipped_anvil":1},"minecraft:crafted":{"minecraft:oak_planks":1236,"minecraft:oak_sign":3,"minecraft:cooked_chicken":1,"minecraft:bookshelf":9,"minecraft:cooked_mutton":13,"minecraft:diamond_helmet":2,"minecraft:diamond_leggings":2,"minecraft:chest":2,"minecraft:oak_slab":6,"minecraft:arrow":64,"minecraft:emerald":274,"minecraft:cooked_porkchop":48,"minecraft:diamond_axe":1,"minecraft:crafting_table":3,"minecraft:spruce_planks":3508,"minecraft:wooden_pickaxe":1,"minecraft:fletching_table":4,"minecraft:book":1,"minecraft:paper":3,"minecraft:diamond_pickaxe":1,"minecraft:cherry_sign":3,"minecraft:shield":2,"minecraft:stick":8952,"minecraft:iron_ingot":94,"minecraft:iron_pickaxe":2,"minecraft:iron_block":6,"minecraft:stone_sword":1,"minecraft:gold_ingot":87,"minecraft:shears":1,"minecraft:cherry_planks":112,"minecraft:wooden_sword":1,"minecraft:raw_iron":27,"minecraft:furnace":1,"minecraft:bone_meal":150,"minecraft:oak_trapdoor":2,"minecraft:flint_and_steel":1,"minecraft:spruce_slab":6,"minecraft:stone_pickaxe":1,"minecraft:diamond_boots":2,"minecraft:wheat":252,"minecraft:diamond_sword":1,"minecraft:spruce_sign":3,"minecraft:enchanting_table":1,"minecraft:bucket":1,"minecraft:stone_axe":1,"minecraft:enchanted_book":14,"minecraft:bread":162,"minecraft:air":0,"minecraft:oak_boat":1,"minecraft:wooden_axe":1,"minecraft:iron_shovel":1,"minecraft:anvil":2,"minecraft:white_bed":13,"minecraft:torch":24,"minecraft:diamond_chestplate":2},"minecraft:broken":{"minecraft:iron_pickaxe":1},"minecraft:picked_up":{"minecraft:enchanted_book":1,"minecraft:brewing_stand":1,"minecraft:string":2,"minecraft:oak_sign":9,"minecraft:gold_nugget":1,"minecraft:cobbled_deepslate":343,"minecraft:spruce_planks":39,"minecraft:furnace":3,"minecraft:iron_boots":1,"minecraft:stick":45,"minecraft:composter":4,"minecraft:oak_fence":32,"minecraft:torch":4,"minecraft:porkchop":67,"minecraft:cherry_log":88,"minecraft:diorite":4,"minecraft:rotten_flesh":14,"minecraft:blaze_rod":3,"minecraft:obsidian":17,"minecraft:snowball":48,"minecraft:cobblestone":449,"minecraft:enchanting_table":3,"minecraft:pink_petals":6,"minecraft:feather":2,"minecraft:water_bucket":1,"minecraft:andesite":19,"minecraft:brown_wool":1,"minecraft:flint":9,"minecraft:tuff":67,"minecraft:lapis_lazuli":60,"minecraft:dirt":52,"minecraft:bone":7,"minecraft:chipped_anvil":1,"minecraft:bow":4,"minecraft:wheat_seeds":28,"minecraft:fletching_table":10,"minecraft:glowstone_dust":2,"minecraft:oak_planks":31,"minecraft:chiseled_polished_blackstone":4,"minecraft:stripped_spruce_log":2,"minecraft:grass_block":1,"minecraft:sugar":2,"minecraft:diamond":105,"minecraft:cracked_polished_blackstone_bricks":6,"minecraft:granite":22,"minecraft:spruce_sign":4,"minecraft:emerald":48,"minecraft:oak_sapling":5,"minecraft:netherrack":128,"minecraft:allium":1,"minecraft:crafting_table":10,"minecraft:azure_bluet":4,"minecraft:ominous_bottle":1,"minecraft:chicken":1,"minecraft:nether_wart":40,"minecraft:gold_block":6,"minecraft:shield":1,"minecraft:cornflower":2,"minecraft:wooden_sword":1,"minecraft:iron_axe":1,"minecraft:blackstone":48,"minecraft:beef":4,"minecraft:oak_boat":9,"minecraft:poppy":6,"minecraft:spruce_slab":2,"minecraft:lectern":62,"minecraft:sugar_cane":16,"minecraft:chest":1,"minecraft:raw_iron":67,"minecraft:polished_blackstone_bricks":13,"minecraft:carrot":1,"minecraft:redstone":14,"minecraft:arrow":12,"minecraft:diamond_chestplate":1,"minecraft:pumpkin_pie":1,"minecraft:hay_block":40,"minecraft:saddle":1,"minecraft:totem_of_undying":1,"minecraft:mutton":23,"minecraft:white_wool":72,"minecraft:oxeye_daisy":2,"minecraft:stripped_oak_log":1,"minecraft:basalt":28,"minecraft:leather":7,"minecraft:oak_log":326,"minecraft:yellow_bed":4,"minecraft:gunpowder":5,"minecraft:white_banner":7,"minecraft:cooked_mutton":9,"minecraft:oak_fence_gate":1,"minecraft:iron_ingot":11,"minecraft:cherry_sign":12,"minecraft:soul_sand":40,"minecraft:book":90,"minecraft:oak_slab":3,"minecraft:dandelion":19,"minecraft:dripstone_block":1,"minecraft:raw_iron_block":3,"minecraft:gravel":77,"minecraft:spruce_sapling":70,"minecraft:white_bed":6,"minecraft:spruce_log":877,"minecraft:warped_roots":1,"minecraft:black_wool":1,"minecraft:coal":53,"minecraft:ender_pearl":2},"minecraft:killed_by":{"minecraft:zombie":2,"minecraft:player":1},"minecraft:used":{"minecraft:iron_shovel":131,"minecraft:spruce_slab":4,"minecraft:oak_sign":7,"minecraft:chest":5,"minecraft:shield":10,"minecraft:carrot":1,"minecraft:obsidian":10,"minecraft:bow":5,"minecraft:hay_block":12,"minecraft:ominous_bottle":1,"minecraft:furnace":4,"minecraft:diorite":4,"minecraft:diamond_boots":2,"minecraft:stone_pickaxe":75,"minecraft:oak_planks":72,"minecraft:blackstone":8,"minecraft:ender_pearl":2,"minecraft:wooden_pickaxe":18,"minecraft:composter":4,"minecraft:diamond_axe":1422,"minecraft:white_wool":4,"minecraft:golden_apple":3,"minecraft:crossbow":16,"minecraft:bread":58,"minecraft:lectern":59,"minecraft:cherry_sign":11,"minecraft:gravel":48,"minecraft:diamond_sword":338,"minecraft:wooden_sword":49,"minecraft:oak_boat":9,"minecraft:bone_meal":28,"minecraft:enchanting_table":4,"minecraft:stone_sword":87,"minecraft:flint_and_steel":1,"minecraft:spruce_planks":141,"minecraft:cooked_chicken":1,"minecraft:netherrack":122,"minecraft:torch":16,"minecraft:brewing_stand":1,"minecraft:dirt":30,"minecraft:anvil":2,"minecraft:diamond_helmet":2,"minecraft:wooden_axe":10,"minecraft:chipped_anvil":1,"minecraft:bookshelf":9,"minecraft:diamond_chestplate":3,"minecraft:cobbled_deepslate":314,"minecraft:cherry_log":1,"minecraft:cooked_mutton":13,"minecraft:water_bucket":45,"minecraft:cherry_planks":27,"minecraft:fletching_table":14,"minecraft:oak_slab":4,"minecraft:crafting_table":13,"minecraft:white_bed":19,"minecraft:spruce_log":1,"minecraft:diamond_pickaxe":1253,"minecraft:iron_pickaxe":360,"minecraft:spruce_sapling":42,"minecraft:stone_axe":109,"minecraft:cobblestone":247,"minecraft:white_banner":6,"minecraft:cooked_porkchop":37,"minecraft:bucket":45,"minecraft:yellow_bed":4,"minecraft:diamond_leggings":2},"minecraft:custom":{"minecraft:interact_with_crafting_table":73,"minecraft:bell_ring":74,"minecraft:leave_game":5,"minecraft:time_since_death":357162,"minecraft:sprint_one_cm":920494,"minecraft:damage_blocked_by_shield":740,"minecraft:drop":195,"minecraft:talked_to_villager":188,"minecraft:play_time":359224,"minecraft:deaths":3,"minecraft:jump":7031,"minecraft:walk_on_water_one_cm":17094,"minecraft:enchant_item":6,"minecraft:interact_with_furnace":52,"minecraft:traded_with_villager":306,"minecraft:sleep_in_bed":6,"minecraft:damage_dealt":29966,"minecraft:player_kills":6,"minecraft:crouch_one_cm":89275,"minecraft:mob_kills":148,"minecraft:interact_with_anvil":10,"minecraft:climb_one_cm":3608,"minecraft:walk_one_cm":598293,"minecraft:raid_win":1,"minecraft:sneak_time":30929,"minecraft:walk_under_water_one_cm":15417,"minecraft:boat_one_cm":32936,"minecraft:total_world_time":359224,"minecraft:raid_trigger":1,"minecraft:interact_with_grindstone":1,"minecraft:time_since_rest":690,"minecraft:damage_taken":6520,"minecraft:damage_absorbed":115,"minecraft:swim_one_cm":18674,"minecraft:fly_one_cm":1270786,"minecraft:open_chest":131,"minecraft:fall_one_cm":243263},"minecraft:dropped":{"minecraft:oak_log":82,"minecraft:diamond":31,"minecraft:emerald":113,"minecraft:dirt":8,"minecraft:cornflower":2,"minecraft:snowball":48,"minecraft:gold_nugget":1,"minecraft:wooden_sword":2,"minecraft:polished_blackstone_bricks":8,"minecraft:iron_pickaxe":1,"minecraft:bone":5,"minecraft:gravel":9,"minecraft:stone_axe":1,"minecraft:cobbled_deepslate":2,"minecraft:rotten_flesh":10,"minecraft:azure_bluet":1,"minecraft:poppy":6,"minecraft:gunpowder":1,"minecraft:netherrack":6,"minecraft:lectern":2,"minecraft:enchanted_book":3,"minecraft:bread":101,"minecraft:oak_slab":1,"minecraft:wheat_seeds":14,"minecraft:diamond_leggings":1,"minecraft:oak_fence":1,"minecraft:feather":2,"minecraft:cobblestone":185,"minecraft:book":40,"minecraft:grass_block":1,"minecraft:coal":10,"minecraft:oxeye_daisy":2,"minecraft:cherry_sign":2,"minecraft:wooden_axe":1,"minecraft:brown_wool":1,"minecraft:cherry_planks":3,"minecraft:diamond_helmet":1,"minecraft:iron_axe":1,"minecraft:string":2,"minecraft:pink_petals":3,"minecraft:dandelion":19,"minecraft:tuff":67,"minecraft:iron_boots":1,"minecraft:allium":1,"minecraft:diamond_chestplate":2,"minecraft:andesite":6,"minecraft:oak_sapling":2,"minecraft:diamond_boots":1,"minecraft:bow":2,"minecraft:stone_pickaxe":1,"minecraft:wooden_pickaxe":1,"minecraft:black_wool":1}},"DataVersion":3953}