{"stats":{"minecraft:broken":{"minecraft:iron_pickaxe":1},"minecraft:mined":{"minecraft:diamond_ore":3,"minecraft:tuff":96,"minecraft:white_bed":2,"minecraft:deepslate_diamond_ore":71,"minecraft:cherry_log":88,"minecraft:obsidian":6,"minecraft:crafting_table":9,"minecraft:granite":14,"minecraft:short_grass":11,"minecraft:emerald_ore":3,"minecraft:grass_block":2,"minecraft:copper_ore":1,"minecraft:cobblestone":14,"minecraft:spawner":3,"minecraft:pink_petals":1,"minecraft:raw_iron_block":3,"minecraft:furnace":3,"minecraft:iron_ore":38,"minecraft:andesite":13,"minecraft:coal_ore":10,"minecraft:oak_log":8,"minecraft:deepslate_iron_ore":26,"minecraft:cherry_leaves":3,"minecraft:dripstone_block":1,"minecraft:gravel":11,"minecraft:stripped_oak_log":1,"minecraft:stone":273,"minecraft:white_wool":2,"minecraft:oak_leaves":5,"minecraft:deepslate":483},"minecraft:picked_up":{"minecraft:stripped_oak_log":1,"minecraft:pink_petals":6,"minecraft:crafting_table":10,"minecraft:feather":2,"minecraft:chicken":1,"minecraft:andesite":13,"minecraft:brown_wool":1,"minecraft:flint":2,"minecraft:tuff":67,"minecraft:oak_log":8,"minecraft:gunpowder":2,"minecraft:string":2,"minecraft:dirt":34,"minecraft:wooden_sword":1,"minecraft:bone":2,"minecraft:wheat_seeds":4,"minecraft:cobbled_deepslate":320,"minecraft:oak_planks":9,"minecraft:furnace":3,"minecraft:raw_iron":63,"minecraft:raw_iron_block":3,"minecraft:dripstone_block":1,"minecraft:gravel":12,"minecraft:porkchop":11,"minecraft:cherry_log":88,"minecraft:white_bed":2,"minecraft:rotten_flesh":7,"minecraft:diamond":74,"minecraft:granite":14,"minecraft:emerald":3,"minecraft:obsidian":5,"minecraft:oak_sapling":2,"minecraft:mutton":15,"minecraft:coal":42,"minecraft:white_wool":11,"minecraft:cobblestone":294},"minecraft:killed_by":{"minecraft:player":1,"minecraft:zombie":2},"minecraft:used":{"minecraft:cooked_mutton":7,"minecraft:water_bucket":11,"minecraft:stone_sword":30,"minecraft:stone_pickaxe":75,"minecraft:oak_planks":21,"minecraft:shield":5,"minecraft:wooden_pickaxe":18,"minecraft:cooked_chicken":1,"minecraft:white_wool":2,"minecraft:dirt":19,"minecraft:crafting_table":11,"minecraft:white_bed":2,"minecraft:wooden_axe":10,"minecraft:diamond_pickaxe":622,"minecraft:iron_pickaxe":360,"minecraft:stone_axe":109,"minecraft:wooden_sword":49,"minecraft:cobblestone":89,"minecraft:furnace":3,"minecraft:cooked_porkchop":9,"minecraft:bucket":12},"minecraft:dropped":{"minecraft:gravel":3,"minecraft:stone_axe":1,"minecraft:wheat_seeds":2,"minecraft:tuff":64,"minecraft:cobblestone":64,"minecraft:feather":2,"minecraft:rotten_flesh":4,"minecraft:dirt":1,"minecraft:wooden_axe":1,"minecraft:brown_wool":1,"minecraft:wooden_sword":2,"minecraft:stone_pickaxe":1,"minecraft:wooden_pickaxe":1,"minecraft:iron_pickaxe":1,"minecraft:string":2,"minecraft:pink_petals":3,"minecraft:bone":2},"minecraft:killed":{"minecraft:pig":7,"minecraft:spider":1,"minecraft:creeper":1,"minecraft:sheep":9,"minecraft:skeleton":3,"minecraft:zombie":3,"minecraft:chicken":1},"minecraft:crafted":{"minecraft:cherry_planks":8,"minecraft:wooden_sword":1,"minecraft:oak_planks":36,"minecraft:raw_iron":27,"minecraft:cooked_porkchop":11,"minecraft:crafting_table":1,"minecraft:wooden_pickaxe":1,"minecraft:cooked_chicken":1,"minecraft:furnace":1,"minecraft:bucket":1,"minecraft:stone_axe":1,"minecraft:cooked_mutton":13,"minecraft:air":0,"minecraft:diamond_helmet":1,"minecraft:diamond_leggings":1,"minecraft:diamond_pickaxe":1,"minecraft:shield":1,"minecraft:stick":16,"minecraft:iron_ingot":26,"minecraft:iron_pickaxe":2,"minecraft:stone_pickaxe":1,"minecraft:wooden_axe":1,"minecraft:stone_sword":1,"minecraft:diamond_boots":1,"minecraft:white_bed":1,"minecraft:diamond_chestplate":1},"minecraft:custom":{"minecraft:interact_with_furnace":31,"minecraft:mob_kills":27,"minecraft:interact_with_crafting_table":30,"minecraft:time_since_death":75885,"minecraft:sleep_in_bed":3,"minecraft:time_since_rest":26085,"minecraft:sprint_one_cm":145657,"minecraft:damage_taken":1924,"minecraft:walk_one_cm":115130,"minecraft:damage_blocked_by_shield":180,"minecraft:drop":23,"minecraft:damage_dealt":4276,"minecraft:swim_one_cm":7462,"minecraft:fly_one_cm":193971,"minecraft:player_kills":5,"minecraft:open_chest":4,"minecraft:crouch_one_cm":22203,"minecraft:play_time":77947,"minecraft:deaths":3,"minecraft:sneak_time":9803,"minecraft:walk_under_water_one_cm":5112,"minecraft:jump":1267,"minecraft:walk_on_water_one_cm":6617,"minecraft:total_world_time":77947,"minecraft:fall_one_cm":38122}},"DataVersion":3953}