{"stats":{"minecraft:mined":{"minecraft:furnace":1,"minecraft:crafting_table":2,"minecraft:short_grass":2,"minecraft:oak_log":8,"minecraft:stripped_oak_log":1,"minecraft:copper_ore":1,"minecraft:stone":51,"minecraft:oak_leaves":5},"minecraft:picked_up":{"minecraft:stripped_oak_log":1,"minecraft:crafting_table":3,"minecraft:feather":2,"minecraft:chicken":1,"minecraft:porkchop":2,"minecraft:oak_log":8,"minecraft:dirt":32,"minecraft:string":2,"minecraft:bone":2,"minecraft:rotten_flesh":2,"minecraft:wheat_seeds":3,"minecraft:oak_sapling":2,"minecraft:oak_planks":9,"minecraft:coal":22,"minecraft:white_wool":1,"minecraft:cobblestone":59,"minecraft:furnace":1},"minecraft:killed_by":{"minecraft:player":1,"minecraft:zombie":2},"minecraft:used":{"minecraft:wooden_axe":9,"minecraft:stone_pickaxe":36,"minecraft:wooden_pickaxe":18,"minecraft:wooden_sword":17,"minecraft:dirt":14,"minecraft:crafting_table":3,"minecraft:furnace":1,"minecraft:cooked_porkchop":2},"minecraft:dropped":{"minecraft:wheat_seeds":1,"minecraft:feather":2,"minecraft:rotten_flesh":2,"minecraft:wooden_pickaxe":1,"minecraft:string":2,"minecraft:bone":2},"minecraft:killed":{"minecraft:pig":1,"minecraft:chicken":1},"minecraft:crafted":{"minecraft:wooden_sword":1,"minecraft:oak_planks":36,"minecraft:cooked_porkchop":2,"minecraft:crafting_table":1,"minecraft:stick":12,"minecraft:cooked_chicken":1,"minecraft:wooden_pickaxe":1,"minecraft:stone_pickaxe":1,"minecraft:wooden_axe":1,"minecraft:furnace":1,"minecraft:air":0},"minecraft:custom":{"minecraft:time_since_rest":15913,"minecraft:interact_with_furnace":5,"minecraft:sprint_one_cm":35831,"minecraft:damage_taken":995,"minecraft:walk_one_cm":39868,"minecraft:mob_kills":2,"minecraft:drop":9,"minecraft:damage_dealt":1237,"minecraft:fly_one_cm":33057,"minecraft:interact_with_crafting_table":10,"minecraft:player_kills":5,"minecraft:crouch_one_cm":642,"minecraft:play_time":17947,"minecraft:deaths":3,"minecraft:sneak_time":233,"minecraft:walk_under_water_one_cm":3905,"minecraft:jump":274,"minecraft:walk_on_water_one_cm":3770,"minecraft:time_since_death":15885,"minecraft:total_world_time":17947,"minecraft:fall_one_cm":6976}},"DataVersion":3953}