{"stats":{"minecraft:killed":{"minecraft:witch":20,"minecraft:spider":7,"minecraft:skeleton":17,"minecraft:chicken":1,"minecraft:piglin":5,"minecraft:pig":26,"minecraft:zombie_villager":2,"minecraft:iron_golem":1,"minecraft:creeper":6,"minecraft:sheep":14,"minecraft:pillager":175,"minecraft:zombie":21,"minecraft:ghast":1,"minecraft:blaze":8,"minecraft:cow":2,"minecraft:vex":3,"minecraft:evoker":9,"minecraft:vindicator":52,"minecraft:horse":1,"minecraft:ravager":10,"minecraft:hoglin":9,"minecraft:villager":2,"minecraft:enderman":1},"minecraft:mined":{"minecraft:spruce_planks":40,"minecraft:white_bed":6,"minecraft:cherry_log":88,"minecraft:brewing_stand":1,"minecraft:obsidian":20,"minecraft:granite":22,"minecraft:chiseled_polished_blackstone":4,"minecraft:grass_block":8,"minecraft:cracked_polished_blackstone_bricks":10,"minecraft:composter":4,"minecraft:oxeye_daisy":1,"minecraft:oak_wall_sign":6,"minecraft:nether_wart":36,"minecraft:spawner":3,"minecraft:polished_blackstone_bricks":24,"minecraft:raw_iron_block":3,"minecraft:cobbled_deepslate":14,"minecraft:iron_ore":42,"minecraft:fire":23,"minecraft:fletching_table":10,"minecraft:azure_bluet":3,"minecraft:enchanting_table":3,"minecraft:oak_sign":3,"minecraft:dirt_path":1,"minecraft:spruce_slab":2,"minecraft:blackstone":97,"minecraft:crimson_nylium":14,"minecraft:poppy":5,"minecraft:chest":1,"minecraft:spruce_wall_sign":4,"minecraft:nether_quartz_ore":4,"minecraft:cobblestone":15,"minecraft:oak_planks":22,"minecraft:sugar_cane":6,"minecraft:pink_petals":1,"minecraft:warped_nylium":5,"minecraft:nether_wart_block":1,"minecraft:oak_log":242,"minecraft:oak_fence_gate":1,"minecraft:dirt":20,"minecraft:netherrack":385,"minecraft:oak_leaves":35,"minecraft:deepslate":544,"minecraft:diamond_ore":3,"minecraft:tuff":98,"minecraft:deepslate_diamond_ore":71,"minecraft:allium":3,"minecraft:crimson_roots":1,"minecraft:spruce_leaves":10,"minecraft:cherry_wall_sign":8,"minecraft:hay_block":40,"minecraft:spruce_sapling":2,"minecraft:furnace":3,"minecraft:carrots":2,"minecraft:andesite":22,"minecraft:stripped_spruce_log":2,"minecraft:peony":1,"minecraft:gold_block":6,"minecraft:bookshelf":17,"minecraft:deepslate_iron_ore":26,"minecraft:stripped_oak_log":1,"minecraft:white_tulip":1,"minecraft:stone":427,"minecraft:bone_block":48,"minecraft:white_wool":3,"minecraft:podzol":1,"minecraft:oak_slab":3,"minecraft:soul_sand":40,"minecraft:basalt":39,"minecraft:dandelion":16,"minecraft:oak_fence":33,"minecraft:crafting_table":9,"minecraft:cornflower":2,"minecraft:short_grass":150,"minecraft:emerald_ore":3,"minecraft:lectern":60,"minecraft:copper_ore":1,"minecraft:tall_grass":42,"minecraft:lapis_ore":11,"minecraft:diorite":16,"minecraft:spruce_log":1167,"minecraft:yellow_bed":4,"minecraft:white_wall_banner":4,"minecraft:coal_ore":12,"minecraft:cherry_leaves":3,"minecraft:gravel":89,"minecraft:dripstone_block":1,"minecraft:cherry_sign":4,"minecraft:chipped_anvil":1},"minecraft:crafted":{"minecraft:oak_planks":1236,"minecraft:oak_sign":3,"minecraft:cooked_chicken":1,"minecraft:bookshelf":9,"minecraft:cooked_mutton":13,"minecraft:diamond_helmet":2,"minecraft:diamond_leggings":2,"minecraft:bow":1,"minecraft:chest":2,"minecraft:oak_slab":6,"minecraft:arrow":192,"minecraft:emerald":290,"minecraft:cooked_porkchop":48,"minecraft:diamond_axe":2,"minecraft:crafting_table":3,"minecraft:spruce_planks":4644,"minecraft:wooden_pickaxe":1,"minecraft:fletching_table":4,"minecraft:book":1,"minecraft:paper":3,"minecraft:diamond_pickaxe":2,"minecraft:cherry_sign":3,"minecraft:shield":2,"minecraft:stick":8952,"minecraft:iron_ingot":94,"minecraft:iron_pickaxe":2,"minecraft:iron_block":6,"minecraft:stone_sword":1,"minecraft:gold_ingot":87,"minecraft:shears":1,"minecraft:cherry_planks":112,"minecraft:wooden_sword":1,"minecraft:raw_iron":27,"minecraft:furnace":1,"minecraft:bone_meal":150,"minecraft:oak_trapdoor":2,"minecraft:flint_and_steel":1,"minecraft:spruce_slab":6,"minecraft:stone_pickaxe":1,"minecraft:diamond_boots":2,"minecraft:wheat":252,"minecraft:diamond_sword":2,"minecraft:spruce_sign":3,"minecraft:enchanting_table":1,"minecraft:bucket":1,"minecraft:stone_axe":1,"minecraft:enchanted_book":14,"minecraft:bread":240,"minecraft:air":0,"minecraft:oak_boat":1,"minecraft:wooden_axe":1,"minecraft:iron_shovel":1,"minecraft:anvil":2,"minecraft:white_bed":13,"minecraft:torch":24,"minecraft:diamond_chestplate":2},"minecraft:broken":{"minecraft:diamond_pickaxe":1,"minecraft:iron_pickaxe":1},"minecraft:picked_up":{"minecraft:enchanted_book":1,"minecraft:potion":3,"minecraft:brewing_stand":1,"minecraft:string":5,"minecraft:oak_sign":9,"minecraft:gold_nugget":1,"minecraft:cobbled_deepslate":346,"minecraft:spruce_planks":40,"minecraft:white_tulip":1,"minecraft:furnace":3,"minecraft:iron_boots":1,"minecraft:tipped_arrow":1,"minecraft:stick":73,"minecraft:composter":4,"minecraft:oak_fence":32,"minecraft:torch":4,"minecraft:porkchop":71,"minecraft:cherry_log":88,"minecraft:diorite":4,"minecraft:rotten_flesh":16,"minecraft:blaze_rod":3,"minecraft:obsidian":17,"minecraft:snowball":48,"minecraft:cobblestone":449,"minecraft:enchanting_table":3,"minecraft:pink_petals":6,"minecraft:feather":2,"minecraft:water_bucket":1,"minecraft:andesite":19,"minecraft:brown_wool":1,"minecraft:flint":9,"minecraft:tuff":67,"minecraft:lapis_lazuli":60,"minecraft:dirt":63,"minecraft:bone":7,"minecraft:chipped_anvil":1,"minecraft:bow":4,"minecraft:wheat_seeds":38,"minecraft:fletching_table":10,"minecraft:rabbit":1,"minecraft:glowstone_dust":2,"minecraft:oak_planks":31,"minecraft:chiseled_polished_blackstone":4,"minecraft:stripped_spruce_log":2,"minecraft:grass_block":2,"minecraft:sugar":2,"minecraft:diamond":105,"minecraft:cracked_polished_blackstone_bricks":6,"minecraft:crossbow":9,"minecraft:granite":22,"minecraft:golden_apple":2,"minecraft:spruce_sign":4,"minecraft:bread":1,"minecraft:emerald":71,"minecraft:oak_sapling":7,"minecraft:netherrack":376,"minecraft:crimson_roots":2,"minecraft:crafting_table":10,"minecraft:allium":1,"minecraft:azure_bluet":4,"minecraft:ominous_bottle":10,"minecraft:chicken":1,"minecraft:nether_wart":40,"minecraft:gold_block":6,"minecraft:shield":1,"minecraft:cornflower":5,"minecraft:wooden_sword":1,"minecraft:iron_axe":4,"minecraft:blackstone":50,"minecraft:beef":4,"minecraft:oak_boat":9,"minecraft:poppy":6,"minecraft:spruce_slab":2,"minecraft:lectern":62,"minecraft:sugar_cane":16,"minecraft:chest":1,"minecraft:raw_iron":67,"minecraft:polished_blackstone_bricks":13,"minecraft:cookie":1,"minecraft:carrot":2,"minecraft:redstone":69,"minecraft:arrow":22,"minecraft:diamond_chestplate":1,"minecraft:pumpkin_pie":1,"minecraft:hay_block":40,"minecraft:saddle":7,"minecraft:totem_of_undying":10,"minecraft:mutton":23,"minecraft:bone_block":48,"minecraft:white_wool":72,"minecraft:oxeye_daisy":2,"minecraft:stripped_oak_log":1,"minecraft:basalt":35,"minecraft:leather":7,"minecraft:oak_log":326,"minecraft:nether_wart_block":1,"minecraft:yellow_bed":4,"minecraft:gunpowder":10,"minecraft:white_banner":31,"minecraft:cooked_mutton":9,"minecraft:rabbit_hide":1,"minecraft:iron_ingot":17,"minecraft:oak_fence_gate":1,"minecraft:cherry_sign":12,"minecraft:glass_bottle":9,"minecraft:soul_sand":40,"minecraft:book":106,"minecraft:oak_slab":3,"minecraft:quartz":4,"minecraft:dandelion":26,"minecraft:raw_iron_block":3,"minecraft:dripstone_block":1,"minecraft:gravel":77,"minecraft:spruce_sapling":91,"minecraft:white_bed":6,"minecraft:spruce_log":1161,"minecraft:spider_eye":1,"minecraft:warped_roots":1,"minecraft:black_wool":1,"minecraft:coal":53,"minecraft:ender_pearl":3},"minecraft:killed_by":{"minecraft:zombie":2,"minecraft:player":1},"minecraft:used":{"minecraft:iron_shovel":131,"minecraft:spruce_slab":4,"minecraft:oak_sign":7,"minecraft:chest":5,"minecraft:shield":10,"minecraft:carrot":1,"minecraft:obsidian":10,"minecraft:bow":117,"minecraft:hay_block":12,"minecraft:ominous_bottle":5,"minecraft:furnace":4,"minecraft:diorite":4,"minecraft:diamond_boots":2,"minecraft:stone_pickaxe":75,"minecraft:oak_planks":72,"minecraft:blackstone":50,"minecraft:ender_pearl":2,"minecraft:wooden_pickaxe":18,"minecraft:composter":4,"minecraft:diamond_axe":1728,"minecraft:white_wool":4,"minecraft:golden_apple":5,"minecraft:crossbow":16,"minecraft:bread":134,"minecraft:lectern":59,"minecraft:cherry_sign":11,"minecraft:gravel":48,"minecraft:diamond_sword":1210,"minecraft:wooden_sword":49,"minecraft:oak_boat":9,"minecraft:bone_meal":45,"minecraft:experience_bottle":1,"minecraft:enchanting_table":4,"minecraft:stone_sword":87,"minecraft:flint_and_steel":1,"minecraft:spruce_planks":230,"minecraft:cooked_chicken":1,"minecraft:netherrack":197,"minecraft:torch":28,"minecraft:brewing_stand":1,"minecraft:dirt":31,"minecraft:anvil":2,"minecraft:diamond_helmet":2,"minecraft:wooden_axe":10,"minecraft:chipped_anvil":1,"minecraft:bookshelf":9,"minecraft:totem_of_undying":2,"minecraft:diamond_chestplate":3,"minecraft:basalt":35,"minecraft:goat_horn":1,"minecraft:cobbled_deepslate":344,"minecraft:cherry_log":1,"minecraft:cooked_mutton":22,"minecraft:water_bucket":53,"minecraft:cherry_planks":27,"minecraft:fletching_table":14,"minecraft:oak_slab":4,"minecraft:crafting_table":13,"minecraft:white_bed":19,"minecraft:spruce_log":2,"minecraft:diamond_pickaxe":1574,"minecraft:iron_pickaxe":360,"minecraft:spruce_sapling":54,"minecraft:stone_axe":109,"minecraft:cobblestone":247,"minecraft:white_banner":23,"minecraft:cooked_porkchop":48,"minecraft:bucket":53,"minecraft:yellow_bed":4,"minecraft:diamond_leggings":2},"minecraft:custom":{"minecraft:interact_with_crafting_table":79,"minecraft:bell_ring":98,"minecraft:leave_game":7,"minecraft:time_since_death":515791,"minecraft:sprint_one_cm":1496214,"minecraft:damage_blocked_by_shield":740,"minecraft:drop":250,"minecraft:talked_to_villager":211,"minecraft:play_time":517853,"minecraft:deaths":3,"minecraft:jump":12722,"minecraft:interact_with_brewingstand":1,"minecraft:walk_on_water_one_cm":17868,"minecraft:enchant_item":6,"minecraft:interact_with_furnace":53,"minecraft:traded_with_villager":344,"minecraft:sleep_in_bed":12,"minecraft:damage_dealt":91134,"minecraft:player_kills":6,"minecraft:crouch_one_cm":103379,"minecraft:mob_kills":404,"minecraft:interact_with_anvil":10,"minecraft:climb_one_cm":8888,"minecraft:walk_one_cm":884980,"minecraft:raid_win":5,"minecraft:sneak_time":35424,"minecraft:walk_under_water_one_cm":15457,"minecraft:boat_one_cm":32936,"minecraft:total_world_time":517853,"minecraft:raid_trigger":5,"minecraft:interact_with_grindstone":1,"minecraft:time_since_rest":18677,"minecraft:damage_taken":11061,"minecraft:damage_absorbed":213,"minecraft:swim_one_cm":18674,"minecraft:fly_one_cm":2366619,"minecraft:open_chest":173,"minecraft:fall_one_cm":430274},"minecraft:dropped":{"minecraft:spruce_sign":3,"minecraft:diamond_axe":1,"minecraft:oak_log":82,"minecraft:glass_bottle":7,"minecraft:diamond":31,"minecraft:crossbow":10,"minecraft:saddle":1,"minecraft:emerald":113,"minecraft:dirt":18,"minecraft:cornflower":4,"minecraft:snowball":48,"minecraft:wooden_sword":2,"minecraft:gold_nugget":1,"minecraft:polished_blackstone_bricks":8,"minecraft:iron_pickaxe":1,"minecraft:bone":5,"minecraft:gravel":9,"minecraft:white_tulip":1,"minecraft:stone_axe":1,"minecraft:cobbled_deepslate":2,"minecraft:rotten_flesh":10,"minecraft:azure_bluet":1,"minecraft:poppy":6,"minecraft:gunpowder":1,"minecraft:netherrack":6,"minecraft:lectern":2,"minecraft:enchanted_book":3,"minecraft:bread":102,"minecraft:oak_slab":1,"minecraft:wheat_seeds":22,"minecraft:diamond_leggings":1,"minecraft:feather":2,"minecraft:oak_fence":1,"minecraft:cobblestone":185,"minecraft:book":40,"minecraft:grass_block":2,"minecraft:coal":10,"minecraft:stick":1,"minecraft:oxeye_daisy":2,"minecraft:cherry_sign":2,"minecraft:wooden_axe":1,"minecraft:brown_wool":1,"minecraft:cherry_planks":3,"minecraft:diamond_helmet":1,"minecraft:white_banner":3,"minecraft:iron_axe":3,"minecraft:string":3,"minecraft:pink_petals":3,"minecraft:dandelion":26,"minecraft:tuff":67,"minecraft:iron_boots":1,"minecraft:totem_of_undying":2,"minecraft:allium":1,"minecraft:diamond_chestplate":2,"minecraft:andesite":6,"minecraft:oak_boat":1,"minecraft:oak_sapling":4,"minecraft:spider_eye":1,"minecraft:diamond_boots":1,"minecraft:bow":2,"minecraft:stone_pickaxe":1,"minecraft:wooden_pickaxe":1,"minecraft:black_wool":1}},"DataVersion":3953}