{"stats":{"minecraft:broken":{"minecraft:iron_pickaxe":1},"minecraft:mined":{"minecraft:diamond_ore":3,"minecraft:tuff":78,"minecraft:white_bed":2,"minecraft:deepslate_diamond_ore":60,"minecraft:cherry_log":88,"minecraft:crafting_table":9,"minecraft:granite":14,"minecraft:short_grass":11,"minecraft:emerald_ore":3,"minecraft:grass_block":2,"minecraft:copper_ore":1,"minecraft:cobblestone":12,"minecraft:spawner":2,"minecraft:pink_petals":1,"minecraft:furnace":3,"minecraft:iron_ore":38,"minecraft:andesite":13,"minecraft:coal_ore":10,"minecraft:oak_log":8,"minecraft:deepslate_iron_ore":13,"minecraft:cherry_leaves":3,"minecraft:dripstone_block":1,"minecraft:gravel":4,"minecraft:stripped_oak_log":1,"minecraft:stone":256,"minecraft:white_wool":2,"minecraft:oak_leaves":5,"minecraft:deepslate":293},"minecraft:picked_up":{"minecraft:stripped_oak_log":1,"minecraft:pink_petals":3,"minecraft:crafting_table":10,"minecraft:feather":2,"minecraft:chicken":1,"minecraft:andesite":13,"minecraft:brown_wool":1,"minecraft:flint":1,"minecraft:tuff":64,"minecraft:oak_log":8,"minecraft:gunpowder":2,"minecraft:string":2,"minecraft:dirt":34,"minecraft:wooden_sword":1,"minecraft:bone":2,"minecraft:wheat_seeds":4,"minecraft:cobbled_deepslate":192,"minecraft:oak_planks":9,"minecraft:furnace":3,"minecraft:raw_iron":51,"minecraft:dripstone_block":1,"minecraft:gravel":3,"minecraft:porkchop":11,"minecraft:cherry_log":88,"minecraft:white_bed":2,"minecraft:rotten_flesh":7,"minecraft:diamond":63,"minecraft:granite":14,"minecraft:emerald":3,"minecraft:oak_sapling":2,"minecraft:mutton":15,"minecraft:coal":42,"minecraft:white_wool":11,"minecraft:cobblestone":275},"minecraft:killed_by":{"minecraft:player":1,"minecraft:zombie":2},"minecraft:used":{"minecraft:cooked_mutton":7,"minecraft:stone_sword":24,"minecraft:stone_pickaxe":75,"minecraft:oak_planks":21,"minecraft:shield":5,"minecraft:wooden_pickaxe":18,"minecraft:cooked_chicken":1,"minecraft:white_wool":2,"minecraft:dirt":19,"minecraft:crafting_table":11,"minecraft:white_bed":2,"minecraft:wooden_axe":10,"minecraft:diamond_pickaxe":353,"minecraft:iron_pickaxe":360,"minecraft:stone_axe":109,"minecraft:wooden_sword":49,"minecraft:cobblestone":17,"minecraft:furnace":3,"minecraft:cooked_porkchop":6},"minecraft:dropped":{"minecraft:wheat_seeds":2,"minecraft:feather":2,"minecraft:rotten_flesh":4,"minecraft:dirt":1,"minecraft:wooden_axe":1,"minecraft:wooden_sword":2,"minecraft:stone_pickaxe":1,"minecraft:wooden_pickaxe":1,"minecraft:string":2,"minecraft:bone":2},"minecraft:killed":{"minecraft:pig":7,"minecraft:creeper":1,"minecraft:sheep":9,"minecraft:skeleton":3,"minecraft:zombie":3,"minecraft:chicken":1},"minecraft:crafted":{"minecraft:cherry_planks":8,"minecraft:wooden_sword":1,"minecraft:oak_planks":36,"minecraft:cooked_porkchop":11,"minecraft:crafting_table":1,"minecraft:wooden_pickaxe":1,"minecraft:cooked_chicken":1,"minecraft:furnace":1,"minecraft:bucket":1,"minecraft:stone_axe":1,"minecraft:cooked_mutton":13,"minecraft:air":0,"minecraft:diamond_helmet":1,"minecraft:diamond_leggings":1,"minecraft:diamond_pickaxe":1,"minecraft:shield":1,"minecraft:stick":16,"minecraft:iron_ingot":26,"minecraft:iron_pickaxe":2,"minecraft:stone_pickaxe":1,"minecraft:wooden_axe":1,"minecraft:stone_sword":1,"minecraft:diamond_boots":1,"minecraft:white_bed":1,"minecraft:diamond_chestplate":1},"minecraft:custom":{"minecraft:interact_with_furnace":31,"minecraft:mob_kills":26,"minecraft:interact_with_crafting_table":30,"minecraft:time_since_death":63885,"minecraft:sleep_in_bed":3,"minecraft:time_since_rest":14085,"minecraft:sprint_one_cm":139669,"minecraft:damage_taken":1694,"minecraft:walk_one_cm":106135,"minecraft:damage_blocked_by_shield":180,"minecraft:drop":16,"minecraft:damage_dealt":3975,"minecraft:swim_one_cm":7462,"minecraft:fly_one_cm":190724,"minecraft:player_kills":5,"minecraft:open_chest":3,"minecraft:crouch_one_cm":17488,"minecraft:play_time":65947,"minecraft:deaths":3,"minecraft:sneak_time":6837,"minecraft:walk_under_water_one_cm":4419,"minecraft:jump":1146,"minecraft:walk_on_water_one_cm":5505,"minecraft:total_world_time":65947,"minecraft:fall_one_cm":37437}},"DataVersion":3953}