{"stats":{"minecraft:mined":{"minecraft:cherry_log":88,"minecraft:crafting_table":4,"minecraft:short_grass":11,"minecraft:emerald_ore":1,"minecraft:grass_block":2,"minecraft:copper_ore":1,"minecraft:pink_petals":1,"minecraft:furnace":2,"minecraft:iron_ore":26,"minecraft:coal_ore":2,"minecraft:oak_log":8,"minecraft:cherry_leaves":3,"minecraft:stripped_oak_log":1,"minecraft:stone":129,"minecraft:white_wool":2,"minecraft:oak_leaves":5},"minecraft:picked_up":{"minecraft:stripped_oak_log":1,"minecraft:pink_petals":3,"minecraft:crafting_table":5,"minecraft:feather":2,"minecraft:chicken":1,"minecraft:brown_wool":1,"minecraft:oak_log":8,"minecraft:gunpowder":2,"minecraft:string":2,"minecraft:dirt":34,"minecraft:wooden_sword":1,"minecraft:bone":2,"minecraft:wheat_seeds":4,"minecraft:oak_planks":9,"minecraft:furnace":2,"minecraft:raw_iron":26,"minecraft:porkchop":11,"minecraft:cherry_log":88,"minecraft:rotten_flesh":4,"minecraft:emerald":1,"minecraft:oak_sapling":2,"minecraft:mutton":15,"minecraft:coal":34,"minecraft:white_wool":11,"minecraft:cobblestone":136},"minecraft:killed_by":{"minecraft:player":1,"minecraft:zombie":2},"minecraft:used":{"minecraft:cooked_mutton":5,"minecraft:stone_sword":4,"minecraft:stone_pickaxe":75,"minecraft:oak_planks":21,"minecraft:shield":5,"minecraft:wooden_pickaxe":18,"minecraft:cooked_chicken":1,"minecraft:white_wool":2,"minecraft:dirt":19,"minecraft:crafting_table":6,"minecraft:wooden_axe":10,"minecraft:iron_pickaxe":69,"minecraft:stone_axe":104,"minecraft:wooden_sword":49,"minecraft:furnace":3,"minecraft:cooked_porkchop":3},"minecraft:dropped":{"minecraft:wheat_seeds":1,"minecraft:feather":2,"minecraft:rotten_flesh":2,"minecraft:dirt":1,"minecraft:wooden_axe":1,"minecraft:wooden_sword":1,"minecraft:wooden_pickaxe":1,"minecraft:string":2,"minecraft:bone":2},"minecraft:killed":{"minecraft:pig":7,"minecraft:creeper":1,"minecraft:sheep":9,"minecraft:skeleton":1,"minecraft:chicken":1},"minecraft:crafted":{"minecraft:wooden_sword":1,"minecraft:oak_planks":36,"minecraft:cooked_porkchop":11,"minecraft:crafting_table":1,"minecraft:wooden_pickaxe":1,"minecraft:cooked_chicken":1,"minecraft:furnace":1,"minecraft:stone_axe":1,"minecraft:cooked_mutton":13,"minecraft:air":0,"minecraft:shield":1,"minecraft:stick":12,"minecraft:iron_ingot":15,"minecraft:iron_pickaxe":1,"minecraft:stone_pickaxe":1,"minecraft:wooden_axe":1,"minecraft:stone_sword":1},"minecraft:custom":{"minecraft:interact_with_furnace":30,"minecraft:mob_kills":20,"minecraft:interact_with_crafting_table":23,"minecraft:time_since_death":39885,"minecraft:time_since_rest":39913,"minecraft:sprint_one_cm":100788,"minecraft:damage_taken":1315,"minecraft:walk_one_cm":70677,"minecraft:damage_blocked_by_shield":180,"minecraft:drop":12,"minecraft:damage_dealt":3012,"minecraft:swim_one_cm":7462,"minecraft:fly_one_cm":148315,"minecraft:player_kills":5,"minecraft:crouch_one_cm":5720,"minecraft:play_time":41947,"minecraft:deaths":3,"minecraft:sneak_time":2222,"minecraft:walk_under_water_one_cm":4245,"minecraft:jump":888,"minecraft:walk_on_water_one_cm":4191,"minecraft:total_world_time":41947,"minecraft:fall_one_cm":27951}},"DataVersion":3953}