{"stats":{"minecraft:mined":{"minecraft:cherry_log":88,"minecraft:crafting_table":3,"minecraft:short_grass":11,"minecraft:grass_block":2,"minecraft:copper_ore":1,"minecraft:pink_petals":1,"minecraft:furnace":1,"minecraft:oak_log":8,"minecraft:cherry_leaves":3,"minecraft:stripped_oak_log":1,"minecraft:stone":51,"minecraft:white_wool":2,"minecraft:oak_leaves":5},"minecraft:picked_up":{"minecraft:stripped_oak_log":1,"minecraft:pink_petals":3,"minecraft:crafting_table":4,"minecraft:feather":2,"minecraft:chicken":1,"minecraft:brown_wool":1,"minecraft:oak_log":8,"minecraft:gunpowder":2,"minecraft:string":2,"minecraft:dirt":34,"minecraft:bone":2,"minecraft:wheat_seeds":4,"minecraft:oak_planks":9,"minecraft:furnace":1,"minecraft:porkchop":11,"minecraft:cherry_log":88,"minecraft:rotten_flesh":2,"minecraft:oak_sapling":2,"minecraft:mutton":13,"minecraft:coal":22,"minecraft:white_wool":10,"minecraft:cobblestone":59},"minecraft:killed_by":{"minecraft:player":1,"minecraft:zombie":2},"minecraft:used":{"minecraft:cooked_mutton":1,"minecraft:stone_pickaxe":36,"minecraft:oak_planks":7,"minecraft:wooden_pickaxe":18,"minecraft:cooked_chicken":1,"minecraft:white_wool":2,"minecraft:dirt":19,"minecraft:crafting_table":5,"minecraft:wooden_axe":10,"minecraft:stone_axe":103,"minecraft:wooden_sword":45,"minecraft:furnace":2,"minecraft:cooked_porkchop":2},"minecraft:dropped":{"minecraft:wheat_seeds":1,"minecraft:feather":2,"minecraft:rotten_flesh":2,"minecraft:dirt":1,"minecraft:wooden_axe":1,"minecraft:wooden_pickaxe":1,"minecraft:string":2,"minecraft:bone":2},"minecraft:killed":{"minecraft:pig":7,"minecraft:creeper":1,"minecraft:sheep":8,"minecraft:chicken":1},"minecraft:crafted":{"minecraft:wooden_sword":1,"minecraft:oak_planks":36,"minecraft:cooked_porkchop":2,"minecraft:crafting_table":1,"minecraft:wooden_pickaxe":1,"minecraft:cooked_chicken":1,"minecraft:furnace":1,"minecraft:stone_axe":1,"minecraft:cooked_mutton":1,"minecraft:air":0,"minecraft:stick":12,"minecraft:stone_pickaxe":1,"minecraft:wooden_axe":1},"minecraft:custom":{"minecraft:interact_with_furnace":7,"minecraft:mob_kills":17,"minecraft:interact_with_crafting_table":12,"minecraft:time_since_death":27885,"minecraft:time_since_rest":27913,"minecraft:sprint_one_cm":71754,"minecraft:damage_taken":995,"minecraft:walk_one_cm":54993,"minecraft:drop":11,"minecraft:damage_dealt":2668,"minecraft:swim_one_cm":7462,"minecraft:fly_one_cm":103324,"minecraft:player_kills":5,"minecraft:crouch_one_cm":2328,"minecraft:play_time":29947,"minecraft:deaths":3,"minecraft:sneak_time":667,"minecraft:walk_under_water_one_cm":4245,"minecraft:jump":626,"minecraft:walk_on_water_one_cm":4191,"minecraft:total_world_time":29947,"minecraft:fall_one_cm":15845}},"DataVersion":3953}