{"stats":{"minecraft:broken":{"minecraft:iron_pickaxe":1},"minecraft:mined":{"minecraft:diamond_ore":3,"minecraft:tuff":96,"minecraft:white_bed":4,"minecraft:deepslate_diamond_ore":71,"minecraft:cherry_log":88,"minecraft:obsidian":6,"minecraft:granite":14,"minecraft:grass_block":2,"minecraft:oxeye_daisy":1,"minecraft:spawner":3,"minecraft:cherry_wall_sign":2,"minecraft:hay_block":3,"minecraft:raw_iron_block":3,"minecraft:furnace":3,"minecraft:iron_ore":42,"minecraft:cobbled_deepslate":5,"minecraft:andesite":16,"minecraft:azure_bluet":2,"minecraft:enchanting_table":1,"minecraft:deepslate_iron_ore":26,"minecraft:stripped_oak_log":1,"minecraft:stone":367,"minecraft:white_wool":2,"minecraft:dandelion":14,"minecraft:crafting_table":9,"minecraft:cornflower":1,"minecraft:short_grass":94,"minecraft:emerald_ore":3,"minecraft:poppy":5,"minecraft:copper_ore":1,"minecraft:tall_grass":26,"minecraft:cobblestone":14,"minecraft:lapis_ore":11,"minecraft:sugar_cane":6,"minecraft:diorite":4,"minecraft:pink_petals":1,"minecraft:yellow_bed":4,"minecraft:oak_log":8,"minecraft:coal_ore":10,"minecraft:cherry_leaves":3,"minecraft:dirt":2,"minecraft:gravel":11,"minecraft:dripstone_block":1,"minecraft:cherry_sign":1,"minecraft:oak_leaves":5,"minecraft:deepslate":483},"minecraft:picked_up":{"minecraft:crafting_table":10,"minecraft:azure_bluet":3,"minecraft:ominous_bottle":1,"minecraft:chicken":1,"minecraft:cornflower":2,"minecraft:string":2,"minecraft:wooden_sword":1,"minecraft:cobbled_deepslate":325,"minecraft:beef":4,"minecraft:poppy":5,"minecraft:sugar_cane":16,"minecraft:furnace":3,"minecraft:raw_iron":67,"minecraft:porkchop":31,"minecraft:cherry_log":88,"minecraft:diorite":4,"minecraft:rotten_flesh":7,"minecraft:hay_block":3,"minecraft:mutton":20,"minecraft:obsidian":5,"minecraft:white_wool":13,"minecraft:cobblestone":386,"minecraft:oxeye_daisy":2,"minecraft:stripped_oak_log":1,"minecraft:enchanting_table":1,"minecraft:pink_petals":6,"minecraft:feather":2,"minecraft:andesite":13,"minecraft:brown_wool":1,"minecraft:leather":3,"minecraft:flint":2,"minecraft:tuff":67,"minecraft:oak_log":8,"minecraft:yellow_bed":4,"minecraft:gunpowder":2,"minecraft:lapis_lazuli":60,"minecraft:dirt":36,"minecraft:white_banner":1,"minecraft:bone":2,"minecraft:wheat_seeds":16,"minecraft:cherry_sign":3,"minecraft:oak_planks":9,"minecraft:dandelion":19,"minecraft:raw_iron_block":3,"minecraft:dripstone_block":1,"minecraft:gravel":12,"minecraft:white_bed":4,"minecraft:grass_block":1,"minecraft:diamond":74,"minecraft:granite":14,"minecraft:emerald":3,"minecraft:oak_sapling":2,"minecraft:coal":42,"minecraft:black_wool":1,"minecraft:ender_pearl":1},"minecraft:killed_by":{"minecraft:player":1,"minecraft:zombie":2},"minecraft:used":{"minecraft:enchanting_table":2,"minecraft:stone_sword":87,"minecraft:chest":1,"minecraft:shield":5,"minecraft:cooked_chicken":1,"minecraft:dirt":19,"minecraft:wooden_axe":10,"minecraft:furnace":3,"minecraft:cobbled_deepslate":302,"minecraft:cooked_mutton":10,"minecraft:water_bucket":22,"minecraft:stone_pickaxe":75,"minecraft:oak_planks":21,"minecraft:wooden_pickaxe":18,"minecraft:diamond_axe":2,"minecraft:white_wool":2,"minecraft:crafting_table":12,"minecraft:white_bed":5,"minecraft:diamond_pickaxe":750,"minecraft:iron_pickaxe":360,"minecraft:cherry_sign":3,"minecraft:stone_axe":109,"minecraft:wooden_sword":49,"minecraft:cobblestone":120,"minecraft:cooked_porkchop":11,"minecraft:bucket":23,"minecraft:yellow_bed":4},"minecraft:dropped":{"minecraft:wheat_seeds":5,"minecraft:feather":2,"minecraft:cobblestone":178,"minecraft:grass_block":1,"minecraft:dirt":1,"minecraft:wooden_axe":1,"minecraft:brown_wool":1,"minecraft:cherry_planks":3,"minecraft:wooden_sword":2,"minecraft:iron_pickaxe":1,"minecraft:string":2,"minecraft:pink_petals":3,"minecraft:bone":2,"minecraft:gravel":9,"minecraft:stone_axe":1,"minecraft:tuff":67,"minecraft:rotten_flesh":4,"minecraft:stone_pickaxe":1,"minecraft:wooden_pickaxe":1,"minecraft:black_wool":1},"minecraft:killed":{"minecraft:spider":1,"minecraft:skeleton":3,"minecraft:chicken":1,"minecraft:pig":17,"minecraft:creeper":1,"minecraft:sheep":12,"minecraft:pillager":2,"minecraft:zombie":3,"minecraft:enderman":1,"minecraft:cow":2},"minecraft:crafted":{"minecraft:cherry_planks":96,"minecraft:wooden_sword":1,"minecraft:oak_planks":36,"minecraft:raw_iron":27,"minecraft:cooked_chicken":1,"minecraft:furnace":1,"minecraft:cooked_mutton":13,"minecraft:diamond_helmet":1,"minecraft:diamond_leggings":1,"minecraft:stone_pickaxe":1,"minecraft:chest":1,"minecraft:diamond_boots":1,"minecraft:diamond_sword":1,"minecraft:cooked_porkchop":11,"minecraft:diamond_axe":1,"minecraft:crafting_table":2,"minecraft:enchanting_table":1,"minecraft:wooden_pickaxe":1,"minecraft:bucket":1,"minecraft:stone_axe":1,"minecraft:air":0,"minecraft:book":1,"minecraft:paper":3,"minecraft:diamond_pickaxe":1,"minecraft:cherry_sign":3,"minecraft:shield":2,"minecraft:stick":20,"minecraft:iron_ingot":26,"minecraft:iron_pickaxe":2,"minecraft:wooden_axe":1,"minecraft:stone_sword":1,"minecraft:white_bed":1,"minecraft:diamond_chestplate":1},"minecraft:custom":{"minecraft:mob_kills":45,"minecraft:interact_with_crafting_table":35,"minecraft:bell_ring":21,"minecraft:time_since_death":105885,"minecraft:sprint_one_cm":247651,"minecraft:walk_one_cm":161821,"minecraft:damage_blocked_by_shield":180,"minecraft:drop":33,"minecraft:talked_to_villager":1,"minecraft:play_time":107947,"minecraft:deaths":3,"minecraft:sneak_time":11166,"minecraft:walk_under_water_one_cm":6029,"minecraft:jump":2075,"minecraft:walk_on_water_one_cm":9997,"minecraft:total_world_time":107947,"minecraft:interact_with_furnace":31,"minecraft:sleep_in_bed":3,"minecraft:time_since_rest":56085,"minecraft:damage_taken":2075,"minecraft:damage_dealt":6710,"minecraft:swim_one_cm":12162,"minecraft:player_kills":5,"minecraft:fly_one_cm":349618,"minecraft:open_chest":20,"minecraft:crouch_one_cm":28622,"minecraft:fall_one_cm":65316}},"DataVersion":3953}