{"stats":{"minecraft:broken":{"minecraft:iron_pickaxe":1},"minecraft:picked_up":{"minecraft:enchanted_book":1,"minecraft:brewing_stand":1,"minecraft:string":2,"minecraft:oak_sign":9,"minecraft:gold_nugget":1,"minecraft:cobbled_deepslate":343,"minecraft:spruce_planks":31,"minecraft:iron_boots":1,"minecraft:furnace":3,"minecraft:stick":40,"minecraft:composter":4,"minecraft:oak_fence":32,"minecraft:torch":4,"minecraft:porkchop":67,"minecraft:cherry_log":88,"minecraft:diorite":4,"minecraft:rotten_flesh":12,"minecraft:blaze_rod":3,"minecraft:obsidian":17,"minecraft:snowball":48,"minecraft:cobblestone":449,"minecraft:enchanting_table":3,"minecraft:pink_petals":6,"minecraft:feather":2,"minecraft:andesite":19,"minecraft:brown_wool":1,"minecraft:flint":9,"minecraft:tuff":67,"minecraft:lapis_lazuli":60,"minecraft:dirt":50,"minecraft:bone":5,"minecraft:chipped_anvil":1,"minecraft:bow":3,"minecraft:wheat_seeds":27,"minecraft:fletching_table":10,"minecraft:glowstone_dust":2,"minecraft:oak_planks":31,"minecraft:chiseled_polished_blackstone":4,"minecraft:stripped_spruce_log":1,"minecraft:grass_block":1,"minecraft:sugar":2,"minecraft:diamond":105,"minecraft:cracked_polished_blackstone_bricks":6,"minecraft:granite":22,"minecraft:emerald":48,"minecraft:oak_sapling":5,"minecraft:netherrack":128,"minecraft:crafting_table":10,"minecraft:allium":1,"minecraft:azure_bluet":4,"minecraft:ominous_bottle":1,"minecraft:chicken":1,"minecraft:nether_wart":40,"minecraft:gold_block":6,"minecraft:shield":1,"minecraft:cornflower":2,"minecraft:iron_axe":1,"minecraft:wooden_sword":1,"minecraft:blackstone":48,"minecraft:beef":4,"minecraft:oak_boat":8,"minecraft:poppy":6,"minecraft:lectern":43,"minecraft:sugar_cane":16,"minecraft:raw_iron":67,"minecraft:polished_blackstone_bricks":13,"minecraft:carrot":1,"minecraft:redstone":14,"minecraft:arrow":10,"minecraft:diamond_chestplate":1,"minecraft:pumpkin_pie":1,"minecraft:hay_block":40,"minecraft:saddle":1,"minecraft:totem_of_undying":1,"minecraft:mutton":23,"minecraft:white_wool":72,"minecraft:oxeye_daisy":2,"minecraft:stripped_oak_log":1,"minecraft:basalt":28,"minecraft:leather":7,"minecraft:oak_log":326,"minecraft:yellow_bed":4,"minecraft:gunpowder":5,"minecraft:white_banner":7,"minecraft:cooked_mutton":9,"minecraft:iron_ingot":11,"minecraft:oak_fence_gate":1,"minecraft:cherry_sign":12,"minecraft:soul_sand":40,"minecraft:book":87,"minecraft:oak_slab":3,"minecraft:dandelion":19,"minecraft:dripstone_block":1,"minecraft:raw_iron_block":3,"minecraft:gravel":77,"minecraft:spruce_sapling":59,"minecraft:white_bed":6,"minecraft:spruce_log":451,"minecraft:warped_roots":1,"minecraft:black_wool":1,"minecraft:coal":53,"minecraft:ender_pearl":2},"minecraft:mined":{"minecraft:spruce_planks":31,"minecraft:white_bed":6,"minecraft:cherry_log":88,"minecraft:brewing_stand":1,"minecraft:obsidian":20,"minecraft:granite":22,"minecraft:chiseled_polished_blackstone":4,"minecraft:grass_block":3,"minecraft:cracked_polished_blackstone_bricks":10,"minecraft:composter":4,"minecraft:nether_wart":36,"minecraft:oak_wall_sign":6,"minecraft:oxeye_daisy":1,"minecraft:spawner":3,"minecraft:polished_blackstone_bricks":24,"minecraft:raw_iron_block":3,"minecraft:cobbled_deepslate":11,"minecraft:iron_ore":42,"minecraft:fire":6,"minecraft:fletching_table":10,"minecraft:azure_bluet":3,"minecraft:enchanting_table":3,"minecraft:oak_sign":3,"minecraft:dirt_path":1,"minecraft:blackstone":95,"minecraft:poppy":5,"minecraft:cobblestone":15,"minecraft:sugar_cane":6,"minecraft:oak_planks":22,"minecraft:pink_petals":1,"minecraft:warped_nylium":5,"minecraft:oak_log":242,"minecraft:oak_fence_gate":1,"minecraft:dirt":11,"minecraft:netherrack":144,"minecraft:deepslate":544,"minecraft:oak_leaves":34,"minecraft:diamond_ore":3,"minecraft:tuff":98,"minecraft:deepslate_diamond_ore":71,"minecraft:allium":3,"minecraft:spruce_leaves":7,"minecraft:cherry_wall_sign":8,"minecraft:hay_block":40,"minecraft:furnace":3,"minecraft:carrots":1,"minecraft:andesite":22,"minecraft:stripped_spruce_log":1,"minecraft:gold_block":6,"minecraft:peony":1,"minecraft:bookshelf":16,"minecraft:deepslate_iron_ore":26,"minecraft:stripped_oak_log":1,"minecraft:stone":427,"minecraft:white_wool":3,"minecraft:oak_slab":3,"minecraft:soul_sand":40,"minecraft:basalt":31,"minecraft:dandelion":14,"minecraft:oak_fence":33,"minecraft:crafting_table":9,"minecraft:cornflower":1,"minecraft:short_grass":117,"minecraft:emerald_ore":3,"minecraft:lectern":41,"minecraft:tall_grass":34,"minecraft:copper_ore":1,"minecraft:lapis_ore":11,"minecraft:diorite":16,"minecraft:spruce_log":451,"minecraft:yellow_bed":4,"minecraft:white_wall_banner":1,"minecraft:coal_ore":12,"minecraft:cherry_leaves":3,"minecraft:dripstone_block":1,"minecraft:gravel":89,"minecraft:cherry_sign":4,"minecraft:chipped_anvil":1},"minecraft:killed_by":{"minecraft:zombie":2,"minecraft:player":1},"minecraft:used":{"minecraft:iron_shovel":131,"minecraft:oak_sign":7,"minecraft:chest":2,"minecraft:shield":10,"minecraft:carrot":1,"minecraft:obsidian":10,"minecraft:bow":2,"minecraft:hay_block":12,"minecraft:ominous_bottle":1,"minecraft:furnace":4,"minecraft:diorite":4,"minecraft:diamond_boots":1,"minecraft:stone_pickaxe":75,"minecraft:oak_planks":72,"minecraft:blackstone":8,"minecraft:ender_pearl":2,"minecraft:wooden_pickaxe":18,"minecraft:composter":4,"minecraft:diamond_axe":932,"minecraft:white_wool":4,"minecraft:golden_apple":3,"minecraft:crossbow":1,"minecraft:bread":55,"minecraft:lectern":39,"minecraft:cherry_sign":11,"minecraft:gravel":48,"minecraft:diamond_sword":331,"minecraft:wooden_sword":49,"minecraft:oak_boat":8,"minecraft:bone_meal":17,"minecraft:enchanting_table":4,"minecraft:stone_sword":87,"minecraft:flint_and_steel":1,"minecraft:spruce_planks":110,"minecraft:netherrack":122,"minecraft:cooked_chicken":1,"minecraft:torch":16,"minecraft:brewing_stand":1,"minecraft:dirt":29,"minecraft:anvil":1,"minecraft:diamond_helmet":1,"minecraft:wooden_axe":10,"minecraft:chipped_anvil":1,"minecraft:bookshelf":8,"minecraft:diamond_chestplate":1,"minecraft:cobbled_deepslate":314,"minecraft:cherry_log":1,"minecraft:cooked_mutton":13,"minecraft:water_bucket":45,"minecraft:cherry_planks":27,"minecraft:fletching_table":14,"minecraft:oak_slab":4,"minecraft:crafting_table":13,"minecraft:white_bed":19,"minecraft:diamond_pickaxe":1253,"minecraft:iron_pickaxe":360,"minecraft:spruce_sapling":20,"minecraft:stone_axe":109,"minecraft:cobblestone":247,"minecraft:white_banner":6,"minecraft:cooked_porkchop":33,"minecraft:bucket":45,"minecraft:yellow_bed":4,"minecraft:diamond_leggings":1},"minecraft:dropped":{"minecraft:oak_log":82,"minecraft:diamond":31,"minecraft:emerald":54,"minecraft:dirt":5,"minecraft:cornflower":2,"minecraft:snowball":48,"minecraft:wooden_sword":2,"minecraft:polished_blackstone_bricks":8,"minecraft:iron_pickaxe":1,"minecraft:bone":4,"minecraft:gravel":9,"minecraft:stone_axe":1,"minecraft:rotten_flesh":8,"minecraft:azure_bluet":1,"minecraft:poppy":5,"minecraft:gunpowder":1,"minecraft:lectern":2,"minecraft:netherrack":6,"minecraft:bread":86,"minecraft:wheat_seeds":13,"minecraft:diamond_leggings":1,"minecraft:oak_fence":1,"minecraft:feather":2,"minecraft:cobblestone":185,"minecraft:book":40,"minecraft:grass_block":1,"minecraft:coal":10,"minecraft:oxeye_daisy":2,"minecraft:cherry_sign":2,"minecraft:wooden_axe":1,"minecraft:brown_wool":1,"minecraft:cherry_planks":3,"minecraft:diamond_helmet":1,"minecraft:iron_axe":1,"minecraft:string":2,"minecraft:pink_petals":3,"minecraft:dandelion":19,"minecraft:tuff":67,"minecraft:iron_boots":1,"minecraft:allium":1,"minecraft:diamond_chestplate":2,"minecraft:andesite":6,"minecraft:oak_sapling":2,"minecraft:diamond_boots":1,"minecraft:bow":2,"minecraft:stone_pickaxe":1,"minecraft:wooden_pickaxe":1,"minecraft:black_wool":1},"minecraft:killed":{"minecraft:witch":4,"minecraft:spider":5,"minecraft:skeleton":11,"minecraft:chicken":1,"minecraft:piglin":4,"minecraft:pig":26,"minecraft:zombie_villager":1,"minecraft:iron_golem":1,"minecraft:creeper":4,"minecraft:sheep":14,"minecraft:pillager":20,"minecraft:zombie":13,"minecraft:blaze":8,"minecraft:cow":2,"minecraft:evoker":1,"minecraft:vex":2,"minecraft:vindicator":10,"minecraft:horse":1,"minecraft:ravager":2,"minecraft:hoglin":8,"minecraft:villager":2,"minecraft:enderman":1},"minecraft:crafted":{"minecraft:oak_planks":980,"minecraft:oak_sign":3,"minecraft:cooked_chicken":1,"minecraft:bookshelf":8,"minecraft:cooked_mutton":13,"minecraft:diamond_helmet":2,"minecraft:diamond_leggings":2,"minecraft:chest":2,"minecraft:oak_slab":6,"minecraft:arrow":64,"minecraft:emerald":149,"minecraft:cooked_porkchop":33,"minecraft:diamond_axe":1,"minecraft:crafting_table":3,"minecraft:spruce_planks":1424,"minecraft:wooden_pickaxe":1,"minecraft:fletching_table":4,"minecraft:book":1,"minecraft:paper":3,"minecraft:cherry_sign":3,"minecraft:diamond_pickaxe":1,"minecraft:shield":2,"minecraft:stick":4376,"minecraft:iron_ingot":90,"minecraft:iron_pickaxe":2,"minecraft:iron_block":3,"minecraft:stone_sword":1,"minecraft:gold_ingot":54,"minecraft:shears":1,"minecraft:cherry_planks":112,"minecraft:wooden_sword":1,"minecraft:raw_iron":27,"minecraft:furnace":1,"minecraft:bone_meal":45,"minecraft:oak_trapdoor":2,"minecraft:flint_and_steel":1,"minecraft:stone_pickaxe":1,"minecraft:diamond_boots":2,"minecraft:wheat":252,"minecraft:diamond_sword":1,"minecraft:enchanting_table":1,"minecraft:bucket":1,"minecraft:stone_axe":1,"minecraft:enchanted_book":4,"minecraft:bread":162,"minecraft:air":0,"minecraft:oak_boat":1,"minecraft:wooden_axe":1,"minecraft:iron_shovel":1,"minecraft:anvil":1,"minecraft:white_bed":13,"minecraft:torch":24,"minecraft:diamond_chestplate":2},"minecraft:custom":{"minecraft:interact_with_crafting_table":66,"minecraft:bell_ring":74,"minecraft:leave_game":4,"minecraft:time_since_death":308392,"minecraft:sprint_one_cm":841431,"minecraft:damage_blocked_by_shield":740,"minecraft:drop":181,"minecraft:talked_to_villager":124,"minecraft:play_time":310454,"minecraft:deaths":3,"minecraft:jump":6347,"minecraft:walk_on_water_one_cm":17094,"minecraft:enchant_item":6,"minecraft:interact_with_furnace":42,"minecraft:traded_with_villager":170,"minecraft:sleep_in_bed":5,"minecraft:damage_dealt":29286,"minecraft:player_kills":6,"minecraft:crouch_one_cm":72985,"minecraft:mob_kills":145,"minecraft:interact_with_anvil":1,"minecraft:climb_one_cm":612,"minecraft:walk_one_cm":512337,"minecraft:raid_win":1,"minecraft:sneak_time":25776,"minecraft:walk_under_water_one_cm":15417,"minecraft:boat_one_cm":22586,"minecraft:total_world_time":310454,"minecraft:raid_trigger":1,"minecraft:interact_with_grindstone":1,"minecraft:time_since_rest":13277,"minecraft:damage_taken":6274,"minecraft:damage_absorbed":115,"minecraft:swim_one_cm":18674,"minecraft:fly_one_cm":1155999,"minecraft:open_chest":101,"minecraft:fall_one_cm":226126}},"DataVersion":3953}