{"stats":{"minecraft:mined":{"minecraft:short_grass":2,"minecraft:oak_log":8,"minecraft:stripped_oak_log":1,"minecraft:oak_leaves":4,"minecraft:crafting_table":1},"minecraft:picked_up":{"minecraft:stripped_oak_log":1,"minecraft:crafting_table":1,"minecraft:rotten_flesh":2,"minecraft:wheat_seeds":3,"minecraft:porkchop":2,"minecraft:oak_log":8,"minecraft:oak_sapling":2,"minecraft:dirt":28},"minecraft:killed_by":{"minecraft:zombie":2,"minecraft:player":1},"minecraft:used":{"minecraft:wooden_axe":8,"minecraft:dirt":14,"minecraft:wooden_sword":7,"minecraft:crafting_table":1},"minecraft:dropped":{"minecraft:rotten_flesh":2},"minecraft:killed":{"minecraft:pig":1},"minecraft:crafted":{"minecraft:wooden_sword":1,"minecraft:oak_planks":36,"minecraft:crafting_table":1,"minecraft:stick":4,"minecraft:wooden_axe":1},"minecraft:custom":{"minecraft:time_since_rest":3913,"minecraft:crouch_one_cm":616,"minecraft:walk_one_cm":18548,"minecraft:play_time":5947,"minecraft:sprint_one_cm":24424,"minecraft:damage_taken":915,"minecraft:deaths":3,"minecraft:sneak_time":223,"minecraft:mob_kills":1,"minecraft:drop":1,"minecraft:jump":166,"minecraft:damage_dealt":798,"minecraft:time_since_death":3885,"minecraft:total_world_time":5947,"minecraft:interact_with_crafting_table":1,"minecraft:player_kills":3,"minecraft:fall_one_cm":3719,"minecraft:fly_one_cm":24327}},"DataVersion":3953}