{"stats":{"minecraft:killed":{"minecraft:sheep":3,"minecraft:skeleton":1,"minecraft:zombie":2,"minecraft:drowned":1,"minecraft:cow":1},"minecraft:mined":{"minecraft:birch_planks":6,"minecraft:furnace":2,"minecraft:iron_ore":5,"minecraft:birch_log":11,"minecraft:crafting_table":4,"minecraft:short_grass":14,"minecraft:melon":23,"minecraft:coal_ore":18,"minecraft:vine":1,"minecraft:diorite":5,"minecraft:stone":39,"minecraft:white_wool":1,"minecraft:oak_leaves":4,"minecraft:fern":4},"minecraft:crafted":{"minecraft:crafting_table":1,"minecraft:stick":16,"minecraft:iron_ingot":5,"minecraft:wooden_pickaxe":1,"minecraft:iron_pickaxe":1,"minecraft:stone_pickaxe":2,"minecraft:wooden_axe":1,"minecraft:furnace":1,"minecraft:birch_door":3,"minecraft:bone_meal":3,"minecraft:birch_planks":44,"minecraft:cooked_mutton":6,"minecraft:cooked_beef":2},"minecraft:broken":{"minecraft:wooden_axe":1,"minecraft:wooden_pickaxe":1},"minecraft:picked_up":{"minecraft:wooden_axe":1,"minecraft:birch_log":11,"minecraft:stick":26,"minecraft:crafting_table":6,"minecraft:cooked_beef":4,"minecraft:wooden_pickaxe":3,"minecraft:gravel":28,"minecraft:birch_planks":39,"minecraft:diorite":10,"minecraft:cooked_mutton":6,"minecraft:bone":2,"minecraft:wheat_seeds":12,"minecraft:iron_ingot":2,"minecraft:beef":2,"minecraft:stone_pickaxe":1,"minecraft:bone_meal":9,"minecraft:iron_pickaxe":1,"minecraft:raw_iron":5,"minecraft:birch_door":9,"minecraft:melon_slice":452,"minecraft:mutton":18,"minecraft:white_wool":13,"minecraft:coal":63,"minecraft:furnace":5,"minecraft:nautilus_shell":3,"minecraft:cobblestone":99},"minecraft:killed_by":{"minecraft:skeleton":1,"minecraft:creeper":1,"minecraft:zombie":2},"minecraft:used":{"minecraft:wooden_axe":51,"minecraft:birch_planks":25,"minecraft:melon_slice":15,"minecraft:stone_pickaxe":29,"minecraft:wooden_pickaxe":53,"minecraft:gravel":9,"minecraft:white_wool":1,"minecraft:crafting_table":4,"minecraft:furnace":2},"minecraft:custom":{"minecraft:time_since_rest":320,"minecraft:interact_with_furnace":20,"minecraft:sprint_one_cm":59473,"minecraft:damage_taken":1334,"minecraft:walk_one_cm":70564,"minecraft:mob_kills":8,"minecraft:drop":1,"minecraft:damage_dealt":1349,"minecraft:swim_one_cm":30293,"minecraft:interact_with_crafting_table":26,"minecraft:fly_one_cm":50124,"minecraft:crouch_one_cm":373,"minecraft:play_time":41966,"minecraft:deaths":4,"minecraft:sneak_time":216,"minecraft:walk_under_water_one_cm":1192,"minecraft:jump":462,"minecraft:time_since_death":295,"minecraft:walk_on_water_one_cm":4202,"minecraft:total_world_time":41966,"minecraft:climb_one_cm":1138,"minecraft:fall_one_cm":12551},"minecraft:dropped":{"minecraft:melon_slice":1}},"DataVersion":3953}