{"stats":{"minecraft:mined":{"minecraft:coal_ore":13,"minecraft:birch_log":11,"minecraft:stone":2,"minecraft:crafting_table":1},"minecraft:crafted":{"minecraft:birch_planks":44,"minecraft:crafting_table":1,"minecraft:stick":12,"minecraft:wooden_pickaxe":1,"minecraft:wooden_axe":1},"minecraft:picked_up":{"minecraft:birch_log":11,"minecraft:crafting_table":1,"minecraft:coal":13,"minecraft:cobblestone":2},"minecraft:used":{"minecraft:wooden_axe":1,"minecraft:crafting_table":1,"minecraft:wooden_pickaxe":15},"minecraft:custom":{"minecraft:time_since_rest":5966,"minecraft:crouch_one_cm":121,"minecraft:play_time":5966,"minecraft:sprint_one_cm":10474,"minecraft:damage_taken":80,"minecraft:walk_one_cm":5026,"minecraft:sneak_time":39,"minecraft:jump":46,"minecraft:time_since_death":5966,"minecraft:total_world_time":5966,"minecraft:fall_one_cm":1283,"minecraft:interact_with_crafting_table":3,"minecraft:fly_one_cm":10332}},"DataVersion":3953}