{"stats":{"minecraft:dropped":{"minecraft:melon_slice":1},"minecraft:killed":{"minecraft:skeleton":2,"minecraft:sheep":3,"minecraft:zombie":4,"minecraft:drowned":1,"minecraft:cow":1},"minecraft:mined":{"minecraft:crafting_table":5,"minecraft:short_grass":14,"minecraft:melon":23,"minecraft:cobblestone":4,"minecraft:lapis_ore":1,"minecraft:diorite":11,"minecraft:birch_planks":6,"minecraft:redstone_ore":7,"minecraft:furnace":3,"minecraft:birch_log":11,"minecraft:iron_ore":32,"minecraft:andesite":13,"minecraft:coal_ore":50,"minecraft:oak_log":6,"minecraft:vine":1,"minecraft:stone":76,"minecraft:white_wool":1,"minecraft:oak_leaves":4,"minecraft:deepslate":4,"minecraft:fern":4},"minecraft:used":{"minecraft:cooked_mutton":1,"minecraft:water_bucket":18,"minecraft:birch_planks":25,"minecraft:stone_pickaxe":29,"minecraft:wooden_pickaxe":53,"minecraft:white_wool":1,"minecraft:crafting_table":5,"minecraft:wooden_axe":51,"minecraft:iron_axe":1,"minecraft:melon_slice":23,"minecraft:iron_pickaxe":151,"minecraft:gravel":9,"minecraft:cobblestone":17,"minecraft:furnace":3,"minecraft:bucket":19},"minecraft:killed_by":{"minecraft:skeleton":2,"minecraft:creeper":1,"minecraft:zombie":2},"minecraft:custom":{"minecraft:interact_with_furnace":31,"minecraft:mob_kills":11,"minecraft:interact_with_crafting_table":36,"minecraft:leave_game":3,"minecraft:time_since_death":16487,"minecraft:climb_one_cm":1138,"minecraft:time_since_rest":16512,"minecraft:sprint_one_cm":85553,"minecraft:damage_taken":1814,"minecraft:walk_one_cm":99979,"minecraft:drop":1,"minecraft:damage_dealt":1878,"minecraft:swim_one_cm":32376,"minecraft:fly_one_cm":71760,"minecraft:crouch_one_cm":373,"minecraft:play_time":68818,"minecraft:deaths":5,"minecraft:sneak_time":216,"minecraft:walk_under_water_one_cm":10930,"minecraft:jump":776,"minecraft:walk_on_water_one_cm":19056,"minecraft:total_world_time":68818,"minecraft:fall_one_cm":16798},"minecraft:crafted":{"minecraft:cooked_beef":2,"minecraft:oak_planks":24,"minecraft:crafting_table":1,"minecraft:wooden_pickaxe":1,"minecraft:furnace":1,"minecraft:bucket":1,"minecraft:bone_meal":3,"minecraft:birch_planks":44,"minecraft:cooked_mutton":6,"minecraft:shield":1,"minecraft:iron_axe":1,"minecraft:stick":16,"minecraft:iron_ingot":17,"minecraft:iron_pickaxe":1,"minecraft:stone_pickaxe":2,"minecraft:wooden_axe":1,"minecraft:birch_door":3},"minecraft:broken":{"minecraft:wooden_axe":1,"minecraft:wooden_pickaxe":1},"minecraft:picked_up":{"minecraft:wooden_axe":1,"minecraft:birch_log":11,"minecraft:birch_door":12,"minecraft:crafting_table":7,"minecraft:cooked_beef":4,"minecraft:water_bucket":1,"minecraft:andesite":13,"minecraft:wooden_pickaxe":3,"minecraft:birch_planks":40,"minecraft:oak_log":12,"minecraft:lapis_lazuli":5,"minecraft:cooked_mutton":11,"minecraft:bone":3,"minecraft:wheat_seeds":15,"minecraft:cobbled_deepslate":1,"minecraft:iron_ingot":13,"minecraft:beef":2,"minecraft:stone_pickaxe":2,"minecraft:iron_pickaxe":2,"minecraft:melon_slice":513,"minecraft:furnace":6,"minecraft:stick":32,"minecraft:raw_iron":32,"minecraft:gravel":28,"minecraft:diorite":21,"minecraft:redstone":33,"minecraft:rotten_flesh":3,"minecraft:bone_meal":12,"minecraft:mutton":18,"minecraft:coal":117,"minecraft:white_wool":16,"minecraft:cobblestone":150,"minecraft:nautilus_shell":4}},"DataVersion":3953}