{"stats":{"minecraft:killed":{"minecraft:sheep":3,"minecraft:skeleton":1,"minecraft:zombie":3,"minecraft:drowned":1,"minecraft:cow":1},"minecraft:mined":{"minecraft:crafting_table":4,"minecraft:short_grass":14,"minecraft:melon":23,"minecraft:diorite":5,"minecraft:birch_planks":6,"minecraft:furnace":2,"minecraft:birch_log":11,"minecraft:iron_ore":17,"minecraft:coal_ore":28,"minecraft:vine":1,"minecraft:stone":42,"minecraft:white_wool":1,"minecraft:oak_leaves":4,"minecraft:fern":4},"minecraft:crafted":{"minecraft:cooked_beef":2,"minecraft:crafting_table":1,"minecraft:wooden_pickaxe":1,"minecraft:furnace":1,"minecraft:bone_meal":3,"minecraft:bucket":1,"minecraft:birch_planks":44,"minecraft:cooked_mutton":6,"minecraft:stick":16,"minecraft:iron_ingot":17,"minecraft:iron_pickaxe":1,"minecraft:stone_pickaxe":2,"minecraft:wooden_axe":1,"minecraft:birch_door":3},"minecraft:broken":{"minecraft:wooden_axe":1,"minecraft:wooden_pickaxe":1},"minecraft:picked_up":{"minecraft:wooden_axe":1,"minecraft:birch_log":11,"minecraft:birch_door":9,"minecraft:crafting_table":6,"minecraft:cooked_beef":4,"minecraft:wooden_pickaxe":3,"minecraft:birch_planks":39,"minecraft:cooked_mutton":6,"minecraft:bone":2,"minecraft:wheat_seeds":12,"minecraft:beef":2,"minecraft:iron_ingot":2,"minecraft:stone_pickaxe":1,"minecraft:iron_pickaxe":1,"minecraft:melon_slice":452,"minecraft:furnace":5,"minecraft:raw_iron":17,"minecraft:stick":26,"minecraft:gravel":28,"minecraft:diorite":10,"minecraft:rotten_flesh":2,"minecraft:bone_meal":9,"minecraft:coal":73,"minecraft:mutton":18,"minecraft:white_wool":13,"minecraft:cobblestone":101,"minecraft:nautilus_shell":3},"minecraft:killed_by":{"minecraft:skeleton":1,"minecraft:creeper":1,"minecraft:zombie":2},"minecraft:used":{"minecraft:birch_planks":25,"minecraft:stone_pickaxe":29,"minecraft:wooden_pickaxe":53,"minecraft:white_wool":1,"minecraft:crafting_table":5,"minecraft:wooden_axe":51,"minecraft:melon_slice":15,"minecraft:iron_pickaxe":32,"minecraft:gravel":9,"minecraft:furnace":3,"minecraft:bucket":1},"minecraft:custom":{"minecraft:interact_with_furnace":30,"minecraft:mob_kills":9,"minecraft:interact_with_crafting_table":32,"minecraft:leave_game":1,"minecraft:time_since_death":5623,"minecraft:climb_one_cm":1138,"minecraft:time_since_rest":5648,"minecraft:sprint_one_cm":63903,"minecraft:damage_taken":1434,"minecraft:walk_one_cm":76176,"minecraft:drop":1,"minecraft:damage_dealt":1549,"minecraft:swim_one_cm":30293,"minecraft:fly_one_cm":52569,"minecraft:crouch_one_cm":373,"minecraft:play_time":47294,"minecraft:deaths":4,"minecraft:sneak_time":216,"minecraft:walk_under_water_one_cm":3003,"minecraft:jump":505,"minecraft:walk_on_water_one_cm":9255,"minecraft:total_world_time":47294,"minecraft:fall_one_cm":12551},"minecraft:dropped":{"minecraft:melon_slice":1}},"DataVersion":3953}