{"stats":{"minecraft:killed":{"minecraft:skeleton":1,"minecraft:zombie":1,"minecraft:drowned":1,"minecraft:cow":1},"minecraft:mined":{"minecraft:birch_planks":3,"minecraft:furnace":1,"minecraft:birch_log":11,"minecraft:crafting_table":2,"minecraft:short_grass":6,"minecraft:melon":13,"minecraft:coal_ore":18,"minecraft:vine":1,"minecraft:stone":25,"minecraft:fern":4},"minecraft:crafted":{"minecraft:crafting_table":1,"minecraft:stick":12,"minecraft:wooden_pickaxe":1,"minecraft:wooden_axe":1,"minecraft:furnace":1,"minecraft:birch_door":3,"minecraft:bone_meal":3,"minecraft:birch_planks":44,"minecraft:cooked_beef":2},"minecraft:picked_up":{"minecraft:wooden_axe":1,"minecraft:birch_log":11,"minecraft:stick":8,"minecraft:crafting_table":2,"minecraft:wooden_pickaxe":1,"minecraft:birch_planks":28,"minecraft:bone":2,"minecraft:wheat_seeds":1,"minecraft:beef":2,"minecraft:melon_slice":69,"minecraft:coal":18,"minecraft:furnace":1,"minecraft:nautilus_shell":1,"minecraft:cobblestone":27},"minecraft:killed_by":{"minecraft:zombie":1},"minecraft:used":{"minecraft:wooden_axe":47,"minecraft:birch_planks":10,"minecraft:wooden_pickaxe":44,"minecraft:crafting_table":2,"minecraft:furnace":1},"minecraft:custom":{"minecraft:time_since_rest":9411,"minecraft:interact_with_furnace":6,"minecraft:sprint_one_cm":34947,"minecraft:damage_taken":300,"minecraft:walk_one_cm":28346,"minecraft:mob_kills":4,"minecraft:damage_dealt":842,"minecraft:swim_one_cm":8937,"minecraft:interact_with_crafting_table":11,"minecraft:fly_one_cm":33655,"minecraft:crouch_one_cm":185,"minecraft:play_time":17966,"minecraft:deaths":1,"minecraft:sneak_time":105,"minecraft:walk_under_water_one_cm":710,"minecraft:jump":173,"minecraft:time_since_death":9386,"minecraft:walk_on_water_one_cm":1735,"minecraft:total_world_time":17966,"minecraft:climb_one_cm":986,"minecraft:fall_one_cm":4371}},"DataVersion":3953}