{"stats":{"minecraft:killed":{"minecraft:cave_spider":2,"minecraft:spider":6,"minecraft:skeleton":17,"minecraft:chicken":8,"minecraft:pig":2,"minecraft:salmon":3,"minecraft:creeper":1,"minecraft:sheep":1,"minecraft:zombie":17},"minecraft:mined":{"minecraft:diamond_ore":2,"minecraft:tuff":1,"minecraft:mossy_cobblestone":36,"minecraft:deepslate_diamond_ore":6,"minecraft:jungle_leaves":2,"minecraft:granite":125,"minecraft:jungle_log":11,"minecraft:spawner":2,"minecraft:redstone_ore":10,"minecraft:furnace":4,"minecraft:iron_ore":18,"minecraft:andesite":1,"minecraft:deepslate_lapis_ore":12,"minecraft:deepslate_iron_ore":13,"minecraft:vine":1,"minecraft:stone":335,"minecraft:deepslate_redstone_ore":6,"minecraft:smoker":1,"minecraft:crafting_table":5,"minecraft:torch":3,"minecraft:short_grass":13,"minecraft:melon":15,"minecraft:chest":4,"minecraft:dead_bush":9,"minecraft:cobblestone":99,"minecraft:deepslate_coal_ore":1,"minecraft:deepslate_gold_ore":15,"minecraft:lapis_ore":1,"minecraft:sugar_cane":39,"minecraft:oak_planks":3,"minecraft:diorite":54,"minecraft:coal_ore":81,"minecraft:oak_log":29,"minecraft:gold_ore":10,"minecraft:oak_leaves":4,"minecraft:deepslate":28,"minecraft:fern":1},"minecraft:crafted":{"minecraft:oak_planks":76,"minecraft:cooked_chicken":3,"minecraft:furnace":2,"minecraft:stone_pickaxe":1,"minecraft:smoker":2,"minecraft:diamond_axe":1,"minecraft:crafting_table":3,"minecraft:wooden_pickaxe":2,"minecraft:bucket":2,"minecraft:bread":1,"minecraft:air":0,"minecraft:jungle_planks":44,"minecraft:stick":48,"minecraft:iron_ingot":28,"minecraft:wooden_axe":2,"minecraft:gold_ingot":18,"minecraft:torch":140},"minecraft:broken":{"minecraft:diamond_axe":1,"minecraft:iron_helmet":1,"minecraft:wooden_axe":1},"minecraft:picked_up":{"minecraft:cocoa_beans":1,"minecraft:crafting_table":6,"minecraft:iron_chestplate":2,"minecraft:wheat":4,"minecraft:chicken":13,"minecraft:shield":2,"minecraft:string":43,"minecraft:flint_and_steel":1,"minecraft:iron_leggings":2,"minecraft:cobbled_deepslate":45,"minecraft:bucket":3,"minecraft:melon_slice":134,"minecraft:sugar_cane":145,"minecraft:chest":4,"minecraft:furnace":4,"minecraft:iron_boots":2,"minecraft:golden_helmet":1,"minecraft:raw_iron":32,"minecraft:stick":32,"minecraft:oak_fence":1,"minecraft:torch":45,"minecraft:porkchop":3,"minecraft:diorite":53,"minecraft:carrot":15,"minecraft:redstone":124,"minecraft:rotten_flesh":50,"minecraft:arrow":19,"minecraft:beetroot_seeds":3,"minecraft:saddle":1,"minecraft:gold_ingot":18,"minecraft:mutton":1,"minecraft:cobblestone":298,"minecraft:white_wool":1,"minecraft:rail":2,"minecraft:feather":17,"minecraft:golden_carrot":9,"minecraft:jungle_log":11,"minecraft:salmon":3,"minecraft:andesite":1,"minecraft:smoker":3,"minecraft:flint":2,"minecraft:oak_log":31,"minecraft:golden_boots":1,"minecraft:gunpowder":19,"minecraft:lapis_lazuli":133,"minecraft:dirt":2,"minecraft:name_tag":1,"minecraft:bone":30,"minecraft:apple":1,"minecraft:wheat_seeds":2,"minecraft:raw_gold":28,"minecraft:iron_ingot":22,"minecraft:oak_planks":8,"minecraft:cooked_porkchop":6,"minecraft:jungle_planks":26,"minecraft:spider_eye":1,"minecraft:mossy_cobblestone":36,"minecraft:diamond":8,"minecraft:iron_helmet":2,"minecraft:diamond_axe":2,"minecraft:granite":125,"minecraft:bone_meal":2,"minecraft:coal":113,"minecraft:diamond_pickaxe":2},"minecraft:killed_by":{"minecraft:drowned":1},"minecraft:used":{"minecraft:chest":4,"minecraft:shield":46,"minecraft:rotten_flesh":1,"minecraft:cooked_chicken":3,"minecraft:iron_chestplate":1,"minecraft:torch":184,"minecraft:dirt":2,"minecraft:carrot":15,"minecraft:granite":5,"minecraft:wooden_axe":50,"minecraft:iron_helmet":1,"minecraft:iron_boots":1,"minecraft:golden_carrot":8,"minecraft:furnace":4,"minecraft:cobbled_deepslate":18,"minecraft:iron_leggings":1,"minecraft:water_bucket":7,"minecraft:wooden_pickaxe":3,"minecraft:diamond_axe":169,"minecraft:salmon":3,"minecraft:crafting_table":6,"minecraft:smoker":1,"minecraft:diamond_pickaxe":865,"minecraft:bread":1,"minecraft:melon_slice":37,"minecraft:cobblestone":1,"minecraft:cooked_porkchop":2,"minecraft:bucket":7},"minecraft:custom":{"minecraft:mob_kills":57,"minecraft:interact_with_crafting_table":10,"minecraft:time_since_death":41045,"minecraft:climb_one_cm":105,"minecraft:sprint_one_cm":323295,"minecraft:walk_one_cm":226807,"minecraft:damage_blocked_by_shield":1631,"minecraft:drop":28,"minecraft:play_time":95949,"minecraft:deaths":2,"minecraft:sneak_time":10239,"minecraft:walk_under_water_one_cm":8056,"minecraft:jump":1404,"minecraft:walk_on_water_one_cm":27813,"minecraft:total_world_time":95949,"minecraft:interact_with_furnace":27,"minecraft:time_since_rest":41092,"minecraft:damage_taken":2597,"minecraft:damage_dealt":9659,"minecraft:swim_one_cm":38574,"minecraft:fly_one_cm":239717,"minecraft:open_chest":10,"minecraft:crouch_one_cm":21593,"minecraft:interact_with_smoker":3,"minecraft:fall_one_cm":35322},"minecraft:dropped":{"minecraft:wheat_seeds":2,"minecraft:feather":10,"minecraft:cobblestone":23,"minecraft:granite":1,"minecraft:stick":7,"minecraft:diorite":1,"minecraft:melon_slice":1,"minecraft:bone_meal":1,"minecraft:string":21,"minecraft:bone":5,"minecraft:sugar_cane":11,"minecraft:cobbled_deepslate":3,"minecraft:cocoa_beans":1,"minecraft:raw_iron":1,"minecraft:oak_planks":4,"minecraft:gunpowder":19,"minecraft:beetroot_seeds":3,"minecraft:spider_eye":1,"minecraft:wooden_pickaxe":1}},"DataVersion":3953}