{"stats":{"minecraft:killed":{"minecraft:cave_spider":2,"minecraft:pig":2,"minecraft:salmon":3,"minecraft:spider":6,"minecraft:sheep":1,"minecraft:skeleton":10,"minecraft:zombie":17,"minecraft:chicken":8},"minecraft:mined":{"minecraft:deepslate_redstone_ore":6,"minecraft:deepslate_diamond_ore":4,"minecraft:smoker":1,"minecraft:jungle_leaves":2,"minecraft:crafting_table":5,"minecraft:short_grass":13,"minecraft:melon":15,"minecraft:jungle_log":11,"minecraft:dead_bush":9,"minecraft:cobblestone":1,"minecraft:lapis_ore":1,"minecraft:deepslate_gold_ore":15,"minecraft:oak_planks":1,"minecraft:sugar_cane":39,"minecraft:diorite":1,"minecraft:spawner":2,"minecraft:redstone_ore":10,"minecraft:furnace":4,"minecraft:iron_ore":17,"minecraft:deepslate_lapis_ore":12,"minecraft:oak_log":29,"minecraft:coal_ore":38,"minecraft:vine":1,"minecraft:deepslate_iron_ore":13,"minecraft:stone":38,"minecraft:gold_ore":10,"minecraft:fern":1,"minecraft:oak_leaves":4,"minecraft:deepslate":21},"minecraft:crafted":{"minecraft:oak_planks":76,"minecraft:diamond_axe":1,"minecraft:crafting_table":3,"minecraft:cooked_chicken":3,"minecraft:wooden_pickaxe":2,"minecraft:furnace":2,"minecraft:bucket":2,"minecraft:bread":1,"minecraft:air":0,"minecraft:jungle_planks":44,"minecraft:stick":48,"minecraft:iron_ingot":28,"minecraft:stone_pickaxe":1,"minecraft:wooden_axe":2,"minecraft:gold_ingot":18,"minecraft:torch":116,"minecraft:smoker":2},"minecraft:broken":{"minecraft:diamond_axe":1,"minecraft:wooden_axe":1},"minecraft:picked_up":{"minecraft:cocoa_beans":1,"minecraft:iron_chestplate":2,"minecraft:crafting_table":6,"minecraft:feather":17,"minecraft:chicken":13,"minecraft:golden_carrot":9,"minecraft:salmon":3,"minecraft:jungle_log":11,"minecraft:smoker":3,"minecraft:flint":2,"minecraft:oak_log":31,"minecraft:golden_boots":1,"minecraft:shield":2,"minecraft:lapis_lazuli":133,"minecraft:string":13,"minecraft:dirt":2,"minecraft:flint_and_steel":1,"minecraft:iron_leggings":2,"minecraft:bone":18,"minecraft:apple":1,"minecraft:wheat_seeds":2,"minecraft:cobbled_deepslate":23,"minecraft:raw_gold":28,"minecraft:bucket":3,"minecraft:iron_ingot":22,"minecraft:sugar_cane":145,"minecraft:melon_slice":134,"minecraft:oak_planks":1,"minecraft:iron_boots":2,"minecraft:furnace":4,"minecraft:golden_helmet":1,"minecraft:stick":26,"minecraft:raw_iron":32,"minecraft:cooked_porkchop":6,"minecraft:torch":41,"minecraft:porkchop":3,"minecraft:jungle_planks":26,"minecraft:diorite":1,"minecraft:carrot":15,"minecraft:redstone":119,"minecraft:spider_eye":1,"minecraft:arrow":13,"minecraft:rotten_flesh":33,"minecraft:diamond":4,"minecraft:iron_helmet":2,"minecraft:diamond_axe":2,"minecraft:bone_meal":2,"minecraft:gold_ingot":18,"minecraft:rail":1,"minecraft:mutton":1,"minecraft:coal":67,"minecraft:white_wool":1,"minecraft:cobblestone":66,"minecraft:diamond_pickaxe":2},"minecraft:killed_by":{"minecraft:drowned":1},"minecraft:used":{"minecraft:water_bucket":5,"minecraft:wooden_pickaxe":3,"minecraft:shield":42,"minecraft:diamond_axe":129,"minecraft:cooked_chicken":3,"minecraft:rotten_flesh":1,"minecraft:iron_chestplate":1,"minecraft:salmon":3,"minecraft:torch":112,"minecraft:dirt":2,"minecraft:crafting_table":6,"minecraft:carrot":15,"minecraft:smoker":1,"minecraft:wooden_axe":50,"minecraft:diamond_pickaxe":197,"minecraft:melon_slice":37,"minecraft:bread":1,"minecraft:iron_helmet":1,"minecraft:iron_boots":1,"minecraft:golden_carrot":4,"minecraft:cobblestone":1,"minecraft:furnace":4,"minecraft:cooked_porkchop":1,"minecraft:bucket":6,"minecraft:cobbled_deepslate":14,"minecraft:iron_leggings":1},"minecraft:custom":{"minecraft:interact_with_furnace":27,"minecraft:mob_kills":49,"minecraft:interact_with_crafting_table":10,"minecraft:time_since_death":11045,"minecraft:climb_one_cm":105,"minecraft:time_since_rest":11092,"minecraft:sprint_one_cm":240941,"minecraft:damage_taken":2158,"minecraft:walk_one_cm":149820,"minecraft:damage_blocked_by_shield":1451,"minecraft:drop":15,"minecraft:damage_dealt":7397,"minecraft:swim_one_cm":38062,"minecraft:fly_one_cm":231367,"minecraft:open_chest":3,"minecraft:crouch_one_cm":9601,"minecraft:play_time":65949,"minecraft:deaths":2,"minecraft:sneak_time":4723,"minecraft:walk_under_water_one_cm":6440,"minecraft:jump":1186,"minecraft:walk_on_water_one_cm":23261,"minecraft:interact_with_smoker":3,"minecraft:total_world_time":65949,"minecraft:fall_one_cm":31129},"minecraft:dropped":{"minecraft:sugar_cane":11,"minecraft:wheat_seeds":2,"minecraft:cobbled_deepslate":3,"minecraft:cocoa_beans":1,"minecraft:raw_iron":1,"minecraft:cobblestone":23,"minecraft:feather":10,"minecraft:diorite":1,"minecraft:melon_slice":1,"minecraft:bone_meal":1,"minecraft:spider_eye":1,"minecraft:wooden_pickaxe":1,"minecraft:string":6}},"DataVersion":3953}