{"stats":{"minecraft:killed":{"minecraft:sheep":1},"minecraft:mined":{"minecraft:oak_log":15,"minecraft:stone":3,"minecraft:oak_leaves":1,"minecraft:crafting_table":2},"minecraft:crafted":{"minecraft:oak_planks":60,"minecraft:crafting_table":1,"minecraft:stick":8,"minecraft:wooden_pickaxe":1,"minecraft:stone_pickaxe":1,"minecraft:wooden_axe":1},"minecraft:picked_up":{"minecraft:crafting_table":2,"minecraft:apple":1,"minecraft:oak_log":15,"minecraft:mutton":1,"minecraft:white_wool":1,"minecraft:cobblestone":3},"minecraft:used":{"minecraft:wooden_axe":5,"minecraft:crafting_table":2,"minecraft:wooden_pickaxe":3},"minecraft:custom":{"minecraft:time_since_rest":5949,"minecraft:crouch_one_cm":1112,"minecraft:play_time":5949,"minecraft:sprint_one_cm":24472,"minecraft:damage_taken":163,"minecraft:walk_one_cm":7064,"minecraft:sneak_time":462,"minecraft:walk_under_water_one_cm":2476,"minecraft:mob_kills":1,"minecraft:jump":113,"minecraft:damage_dealt":131,"minecraft:walk_on_water_one_cm":1412,"minecraft:time_since_death":5949,"minecraft:total_world_time":5949,"minecraft:swim_one_cm":13429,"minecraft:interact_with_crafting_table":2,"minecraft:fall_one_cm":1881,"minecraft:fly_one_cm":26808}},"DataVersion":3953}