{"stats":{"minecraft:killed":{"minecraft:pig":1,"minecraft:spider":4,"minecraft:sheep":1,"minecraft:skeleton":2,"minecraft:zombie":7},"minecraft:mined":{"minecraft:deepslate_redstone_ore":2,"minecraft:deepslate_diamond_ore":3,"minecraft:jungle_leaves":2,"minecraft:crafting_table":4,"minecraft:short_grass":3,"minecraft:melon":9,"minecraft:jungle_log":11,"minecraft:cobblestone":1,"minecraft:lapis_ore":1,"minecraft:deepslate_gold_ore":8,"minecraft:diorite":1,"minecraft:spawner":1,"minecraft:redstone_ore":2,"minecraft:furnace":2,"minecraft:iron_ore":17,"minecraft:oak_log":19,"minecraft:coal_ore":33,"minecraft:vine":1,"minecraft:deepslate_iron_ore":12,"minecraft:stone":37,"minecraft:gold_ore":10,"minecraft:oak_leaves":4,"minecraft:deepslate":3},"minecraft:crafted":{"minecraft:oak_planks":76,"minecraft:crafting_table":3,"minecraft:wooden_pickaxe":2,"minecraft:furnace":2,"minecraft:bucket":2,"minecraft:bread":1,"minecraft:air":0,"minecraft:jungle_planks":44,"minecraft:stick":20,"minecraft:iron_ingot":12,"minecraft:stone_pickaxe":1,"minecraft:wooden_axe":2,"minecraft:gold_ingot":11,"minecraft:torch":32},"minecraft:broken":{"minecraft:diamond_axe":1,"minecraft:wooden_axe":1},"minecraft:picked_up":{"minecraft:cocoa_beans":1,"minecraft:iron_chestplate":1,"minecraft:crafting_table":4,"minecraft:jungle_log":11,"minecraft:oak_log":19,"minecraft:shield":1,"minecraft:lapis_lazuli":8,"minecraft:string":6,"minecraft:dirt":2,"minecraft:iron_leggings":1,"minecraft:bone":3,"minecraft:apple":1,"minecraft:wheat_seeds":1,"minecraft:cobbled_deepslate":3,"minecraft:raw_gold":18,"minecraft:melon_slice":52,"minecraft:iron_boots":1,"minecraft:furnace":2,"minecraft:raw_iron":31,"minecraft:porkchop":1,"minecraft:diorite":1,"minecraft:carrot":15,"minecraft:redstone":20,"minecraft:spider_eye":1,"minecraft:arrow":2,"minecraft:rotten_flesh":5,"minecraft:diamond":3,"minecraft:iron_helmet":1,"minecraft:diamond_axe":1,"minecraft:mutton":1,"minecraft:coal":53,"minecraft:white_wool":1,"minecraft:cobblestone":38,"minecraft:diamond_pickaxe":1},"minecraft:killed_by":{"minecraft:drowned":1},"minecraft:used":{"minecraft:water_bucket":1,"minecraft:wooden_pickaxe":3,"minecraft:shield":16,"minecraft:diamond_axe":23,"minecraft:rotten_flesh":1,"minecraft:iron_chestplate":1,"minecraft:torch":32,"minecraft:dirt":2,"minecraft:crafting_table":5,"minecraft:carrot":15,"minecraft:wooden_axe":50,"minecraft:diamond_pickaxe":135,"minecraft:melon_slice":8,"minecraft:bread":1,"minecraft:iron_helmet":1,"minecraft:iron_boots":1,"minecraft:cobblestone":1,"minecraft:furnace":2,"minecraft:bucket":2,"minecraft:iron_leggings":1},"minecraft:custom":{"minecraft:interact_with_furnace":18,"minecraft:mob_kills":15,"minecraft:interact_with_crafting_table":6,"minecraft:time_since_death":23956,"minecraft:time_since_rest":23997,"minecraft:sprint_one_cm":77515,"minecraft:damage_taken":1062,"minecraft:walk_one_cm":73516,"minecraft:damage_blocked_by_shield":430,"minecraft:drop":1,"minecraft:damage_dealt":2604,"minecraft:swim_one_cm":13429,"minecraft:fly_one_cm":63270,"minecraft:open_chest":2,"minecraft:crouch_one_cm":7244,"minecraft:play_time":29949,"minecraft:deaths":1,"minecraft:sneak_time":3323,"minecraft:walk_under_water_one_cm":3588,"minecraft:jump":427,"minecraft:walk_on_water_one_cm":5174,"minecraft:total_world_time":29949,"minecraft:fall_one_cm":9302},"minecraft:dropped":{"minecraft:wooden_pickaxe":1}},"DataVersion":3953}