{"stats":{"minecraft:mined":{"minecraft:furnace":2,"minecraft:iron_ore":8,"minecraft:cherry_log":1,"minecraft:powder_snow":5,"minecraft:crafting_table":4,"minecraft:short_grass":15,"minecraft:acacia_log":6,"minecraft:coal_ore":33,"minecraft:grass_block":11,"minecraft:oak_log":60,"minecraft:dirt":16,"minecraft:tall_grass":6,"minecraft:spruce_leaves":2,"minecraft:sugar_cane":7,"minecraft:stone":83,"minecraft:oak_leaves":7},"minecraft:picked_up":{"minecraft:raw_iron":8,"minecraft:stick":13,"minecraft:crafting_table":5,"minecraft:cooked_beef":17,"minecraft:leather":24,"minecraft:acacia_log":12,"minecraft:porkchop":17,"minecraft:oak_log":111,"minecraft:cherry_log":1,"minecraft:dirt":51,"minecraft:bone":3,"minecraft:arrow":2,"minecraft:rotten_flesh":5,"minecraft:bow":1,"minecraft:wheat_seeds":1,"minecraft:beef":54,"minecraft:stone_pickaxe":1,"minecraft:sugar_cane":13,"minecraft:oak_planks":1,"minecraft:oak_sapling":5,"minecraft:coal":95,"minecraft:black_wool":2,"minecraft:mutton":27,"minecraft:white_wool":15,"minecraft:cobblestone":152,"minecraft:furnace":3},"minecraft:broken":{"minecraft:stone_pickaxe":1,"minecraft:stone_axe":1},"minecraft:killed_by":{"minecraft:zombie":1},"minecraft:used":{"minecraft:stone_pickaxe":138,"minecraft:wooden_pickaxe":6,"minecraft:stone_axe":140,"minecraft:dirt":11,"minecraft:cobblestone":1,"minecraft:bow":1,"minecraft:crafting_table":5,"minecraft:furnace":2,"minecraft:oak_log":2,"minecraft:cooked_beef":13},"minecraft:dropped":{"minecraft:oak_sapling":3,"minecraft:wooden_pickaxe":1,"minecraft:stick":1},"minecraft:killed":{"minecraft:skeleton":3,"minecraft:sheep":10,"minecraft:zombie":5,"minecraft:pig":8,"minecraft:cow":13},"minecraft:crafted":{"minecraft:cooked_beef":11,"minecraft:oak_planks":20,"minecraft:leather_boots":1,"minecraft:crafting_table":2,"minecraft:stick":16,"minecraft:wooden_pickaxe":1,"minecraft:stone_pickaxe":2,"minecraft:furnace":1,"minecraft:stone_axe":2,"minecraft:cherry_planks":4,"minecraft:air":0},"minecraft:custom":{"minecraft:time_since_rest":16426,"minecraft:interact_with_furnace":10,"minecraft:sprint_one_cm":125517,"minecraft:damage_taken":1070,"minecraft:walk_one_cm":73557,"minecraft:mob_kills":39,"minecraft:drop":5,"minecraft:damage_dealt":4531,"minecraft:player_kills":1,"minecraft:swim_one_cm":37773,"minecraft:interact_with_crafting_table":7,"minecraft:fly_one_cm":211808,"minecraft:crouch_one_cm":1499,"minecraft:play_time":35973,"minecraft:deaths":1,"minecraft:sneak_time":770,"minecraft:walk_under_water_one_cm":3601,"minecraft:jump":1179,"minecraft:walk_on_water_one_cm":4890,"minecraft:time_since_death":16397,"minecraft:total_world_time":35973,"minecraft:fall_one_cm":29035}},"DataVersion":3953}