{"stats":{"minecraft:broken":{"minecraft:stone_axe":1},"minecraft:mined":{"minecraft:furnace":2,"minecraft:crafting_table":2,"minecraft:short_grass":15,"minecraft:acacia_log":6,"minecraft:coal_ore":33,"minecraft:grass_block":11,"minecraft:oak_log":58,"minecraft:dirt":16,"minecraft:tall_grass":6,"minecraft:stone":83,"minecraft:oak_leaves":7},"minecraft:picked_up":{"minecraft:stick":13,"minecraft:crafting_table":3,"minecraft:cooked_beef":17,"minecraft:leather":20,"minecraft:acacia_log":12,"minecraft:porkchop":14,"minecraft:oak_log":109,"minecraft:dirt":51,"minecraft:rotten_flesh":5,"minecraft:wheat_seeds":1,"minecraft:beef":46,"minecraft:stone_pickaxe":1,"minecraft:oak_planks":1,"minecraft:oak_sapling":5,"minecraft:coal":95,"minecraft:black_wool":2,"minecraft:mutton":22,"minecraft:white_wool":12,"minecraft:cobblestone":152,"minecraft:furnace":3},"minecraft:killed_by":{"minecraft:zombie":1},"minecraft:used":{"minecraft:stone_pickaxe":130,"minecraft:wooden_pickaxe":6,"minecraft:stone_axe":112,"minecraft:dirt":5,"minecraft:cobblestone":1,"minecraft:crafting_table":3,"minecraft:furnace":2,"minecraft:cooked_beef":7},"minecraft:dropped":{"minecraft:oak_sapling":3,"minecraft:wooden_pickaxe":1,"minecraft:stick":1},"minecraft:killed":{"minecraft:sheep":7,"minecraft:zombie":4,"minecraft:pig":5,"minecraft:cow":10},"minecraft:crafted":{"minecraft:cooked_beef":11,"minecraft:oak_planks":20,"minecraft:crafting_table":2,"minecraft:stick":16,"minecraft:wooden_pickaxe":1,"minecraft:stone_pickaxe":1,"minecraft:furnace":1,"minecraft:stone_axe":2,"minecraft:air":0},"minecraft:custom":{"minecraft:time_since_rest":4426,"minecraft:interact_with_furnace":10,"minecraft:sprint_one_cm":69921,"minecraft:damage_taken":710,"minecraft:walk_one_cm":49318,"minecraft:mob_kills":26,"minecraft:drop":5,"minecraft:damage_dealt":3190,"minecraft:player_kills":1,"minecraft:swim_one_cm":28282,"minecraft:interact_with_crafting_table":5,"minecraft:fly_one_cm":128947,"minecraft:crouch_one_cm":400,"minecraft:play_time":23973,"minecraft:deaths":1,"minecraft:sneak_time":190,"minecraft:walk_under_water_one_cm":2702,"minecraft:jump":736,"minecraft:walk_on_water_one_cm":2914,"minecraft:time_since_death":4397,"minecraft:total_world_time":23973,"minecraft:fall_one_cm":15780}},"DataVersion":3953}