{"stats":{"minecraft:mined":{"minecraft:furnace":1,"minecraft:crafting_table":1,"minecraft:short_grass":12,"minecraft:acacia_log":6,"minecraft:grass_block":3,"minecraft:oak_log":58,"minecraft:dirt":1,"minecraft:stone":14,"minecraft:oak_leaves":7},"minecraft:picked_up":{"minecraft:stick":1,"minecraft:crafting_table":1,"minecraft:leather":10,"minecraft:acacia_log":6,"minecraft:porkchop":7,"minecraft:oak_log":58,"minecraft:dirt":4,"minecraft:beef":26,"minecraft:oak_sapling":1,"minecraft:black_wool":1,"minecraft:mutton":11,"minecraft:white_wool":6,"minecraft:cobblestone":14,"minecraft:furnace":1},"minecraft:used":{"minecraft:stone_pickaxe":9,"minecraft:wooden_pickaxe":6,"minecraft:stone_axe":103,"minecraft:crafting_table":2,"minecraft:furnace":1,"minecraft:cooked_beef":3},"minecraft:dropped":{"minecraft:wooden_pickaxe":1},"minecraft:killed":{"minecraft:sheep":7,"minecraft:pig":5,"minecraft:cow":10},"minecraft:crafted":{"minecraft:cooked_beef":3,"minecraft:oak_planks":20,"minecraft:crafting_table":2,"minecraft:stick":16,"minecraft:wooden_pickaxe":1,"minecraft:stone_pickaxe":1,"minecraft:furnace":1,"minecraft:stone_axe":1,"minecraft:air":0},"minecraft:custom":{"minecraft:time_since_rest":11973,"minecraft:interact_with_furnace":2,"minecraft:sprint_one_cm":46271,"minecraft:damage_taken":110,"minecraft:walk_one_cm":28054,"minecraft:mob_kills":22,"minecraft:drop":1,"minecraft:damage_dealt":2210,"minecraft:player_kills":1,"minecraft:swim_one_cm":11565,"minecraft:interact_with_crafting_table":4,"minecraft:fly_one_cm":72804,"minecraft:crouch_one_cm":313,"minecraft:play_time":11973,"minecraft:sneak_time":143,"minecraft:walk_under_water_one_cm":512,"minecraft:jump":358,"minecraft:walk_on_water_one_cm":441,"minecraft:time_since_death":11973,"minecraft:total_world_time":11973,"minecraft:fall_one_cm":11424}},"DataVersion":3953}