{"stats":{"minecraft:mined":{"minecraft:cherry_log":1,"minecraft:powder_snow":5,"minecraft:crafting_table":4,"minecraft:short_grass":16,"minecraft:acacia_log":6,"minecraft:grass_block":11,"minecraft:tall_grass":8,"minecraft:spruce_leaves":2,"minecraft:sugar_cane":11,"minecraft:blue_bed":2,"minecraft:furnace":2,"minecraft:iron_ore":8,"minecraft:bookshelf":6,"minecraft:oak_log":60,"minecraft:coal_ore":33,"minecraft:dirt":16,"minecraft:stone":83,"minecraft:oak_leaves":7,"minecraft:fern":1},"minecraft:picked_up":{"minecraft:crafting_table":5,"minecraft:cooked_beef":17,"minecraft:leather":24,"minecraft:oak_log":111,"minecraft:gunpowder":1,"minecraft:blue_bed":2,"minecraft:dirt":51,"minecraft:bone":3,"minecraft:bow":1,"minecraft:wheat_seeds":2,"minecraft:beef":54,"minecraft:stone_pickaxe":1,"minecraft:sugar_cane":24,"minecraft:oak_planks":1,"minecraft:furnace":3,"minecraft:book":18,"minecraft:stick":13,"minecraft:raw_iron":8,"minecraft:acacia_log":12,"minecraft:porkchop":17,"minecraft:cherry_log":1,"minecraft:arrow":2,"minecraft:rotten_flesh":5,"minecraft:oak_sapling":5,"minecraft:black_wool":2,"minecraft:mutton":27,"minecraft:coal":95,"minecraft:white_wool":15,"minecraft:cobblestone":152},"minecraft:broken":{"minecraft:stone_pickaxe":1,"minecraft:stone_axe":1},"minecraft:killed_by":{"minecraft:zombie":1},"minecraft:used":{"minecraft:stone_pickaxe":138,"minecraft:wooden_pickaxe":6,"minecraft:blue_bed":1,"minecraft:dirt":11,"minecraft:crafting_table":5,"minecraft:oak_log":2,"minecraft:stone_axe":153,"minecraft:cobblestone":1,"minecraft:bow":1,"minecraft:furnace":2,"minecraft:cooked_beef":14},"minecraft:dropped":{"minecraft:stick":1,"minecraft:oak_sapling":3,"minecraft:wooden_pickaxe":1},"minecraft:killed":{"minecraft:pig":8,"minecraft:creeper":1,"minecraft:sheep":10,"minecraft:skeleton":3,"minecraft:zombie":5,"minecraft:cow":13},"minecraft:crafted":{"minecraft:cooked_beef":11,"minecraft:cherry_planks":4,"minecraft:oak_planks":20,"minecraft:leather_boots":1,"minecraft:crafting_table":2,"minecraft:wooden_pickaxe":1,"minecraft:furnace":1,"minecraft:stone_axe":2,"minecraft:air":0,"minecraft:stick":16,"minecraft:stone_pickaxe":2},"minecraft:custom":{"minecraft:interact_with_furnace":10,"minecraft:mob_kills":40,"minecraft:interact_with_crafting_table":7,"minecraft:time_since_death":28397,"minecraft:sleep_in_bed":2,"minecraft:time_since_rest":3400,"minecraft:sprint_one_cm":164637,"minecraft:damage_taken":1110,"minecraft:walk_one_cm":98694,"minecraft:drop":5,"minecraft:damage_dealt":4731,"minecraft:swim_one_cm":37773,"minecraft:fly_one_cm":270205,"minecraft:player_kills":1,"minecraft:open_chest":4,"minecraft:crouch_one_cm":1499,"minecraft:play_time":47973,"minecraft:deaths":1,"minecraft:sneak_time":770,"minecraft:walk_under_water_one_cm":3601,"minecraft:jump":1422,"minecraft:walk_on_water_one_cm":5140,"minecraft:total_world_time":47973,"minecraft:fall_one_cm":37759}},"DataVersion":3953}