{"stats":{"minecraft:mined":{"minecraft:flowering_azalea":1,"minecraft:spruce_planks":11,"minecraft:cherry_planks":10,"minecraft:deepslate_diamond_ore":8,"minecraft:cherry_log":1,"minecraft:powder_snow":5,"minecraft:clay":1,"minecraft:crafting_table":4,"minecraft:cave_vines_plant":1,"minecraft:short_grass":18,"minecraft:acacia_log":6,"minecraft:grass_block":12,"minecraft:lectern":10,"minecraft:deepslate_gold_ore":14,"minecraft:cobblestone":16,"minecraft:tall_grass":9,"minecraft:spruce_leaves":5,"minecraft:moss_block":2,"minecraft:grindstone":1,"minecraft:oak_planks":13,"minecraft:sugar_cane":11,"minecraft:blue_bed":2,"minecraft:seagrass":1,"minecraft:spore_blossom":1,"minecraft:furnace":2,"minecraft:iron_ore":18,"minecraft:sweet_berry_bush":6,"minecraft:spruce_log":5,"minecraft:andesite":2,"minecraft:deepslate_iron_ore":10,"minecraft:bookshelf":6,"minecraft:oak_log":60,"minecraft:coal_ore":33,"minecraft:cave_vines":3,"minecraft:dirt":19,"minecraft:stone":92,"minecraft:deepslate":8,"minecraft:oak_leaves":7,"minecraft:fern":2},"minecraft:broken":{"minecraft:stone_pickaxe":1,"minecraft:stone_axe":2},"minecraft:picked_up":{"minecraft:nautilus_shell":1,"minecraft:crafting_table":5,"minecraft:cooked_beef":17,"minecraft:cherry_planks":10,"minecraft:clay_ball":4,"minecraft:andesite":2,"minecraft:salmon":4,"minecraft:leather":24,"minecraft:oak_log":111,"minecraft:gunpowder":1,"minecraft:blue_bed":2,"minecraft:dirt":55,"minecraft:bone":14,"minecraft:bow":2,"minecraft:wheat_seeds":2,"minecraft:cobbled_deepslate":20,"minecraft:raw_gold":14,"minecraft:spore_blossom":1,"minecraft:spruce_planks":11,"minecraft:grindstone":1,"minecraft:beef":54,"minecraft:stone_pickaxe":1,"minecraft:lectern":10,"minecraft:moss_block":2,"minecraft:sugar_cane":24,"minecraft:flowering_azalea":1,"minecraft:oak_planks":55,"minecraft:furnace":3,"minecraft:book":18,"minecraft:stick":13,"minecraft:raw_iron":28,"minecraft:sweet_berries":16,"minecraft:acacia_log":12,"minecraft:porkchop":17,"minecraft:cherry_log":1,"minecraft:spruce_sapling":4,"minecraft:spruce_log":5,"minecraft:arrow":13,"minecraft:rotten_flesh":11,"minecraft:diamond":8,"minecraft:oak_sapling":5,"minecraft:glow_berries":21,"minecraft:black_wool":2,"minecraft:mutton":27,"minecraft:coal":95,"minecraft:white_wool":15,"minecraft:cobblestone":174},"minecraft:killed_by":{"minecraft:zombie":1},"minecraft:used":{"minecraft:cooked_mutton":11,"minecraft:stone_pickaxe":192,"minecraft:oak_planks":50,"minecraft:spruce_planks":22,"minecraft:chest":4,"minecraft:wooden_pickaxe":6,"minecraft:cherry_planks":13,"minecraft:sugar_cane":24,"minecraft:blue_bed":2,"minecraft:dirt":11,"minecraft:crafting_table":9,"minecraft:white_bed":1,"minecraft:oak_log":2,"minecraft:flowering_azalea":1,"minecraft:bread":6,"minecraft:iron_pickaxe":33,"minecraft:lectern":10,"minecraft:stone_axe":271,"minecraft:cobblestone":2,"minecraft:bow":1,"minecraft:grindstone":1,"minecraft:furnace":5,"minecraft:oak_boat":1,"minecraft:cooked_beef":21},"minecraft:dropped":{"minecraft:rotten_flesh":6,"minecraft:clay_ball":4,"minecraft:oak_planks":42,"minecraft:stick":1,"minecraft:oak_sapling":3,"minecraft:wooden_pickaxe":1},"minecraft:killed":{"minecraft:pig":8,"minecraft:zombie_villager":1,"minecraft:salmon":4,"minecraft:creeper":1,"minecraft:sheep":10,"minecraft:skeleton":12,"minecraft:zombie":9,"minecraft:drowned":4,"minecraft:cow":13},"minecraft:crafted":{"minecraft:cooked_beef":29,"minecraft:cherry_planks":4,"minecraft:oak_planks":224,"minecraft:leather_boots":1,"minecraft:crafting_table":5,"minecraft:spruce_planks":20,"minecraft:wooden_pickaxe":1,"minecraft:furnace":3,"minecraft:stone_axe":3,"minecraft:cooked_mutton":11,"minecraft:air":0,"minecraft:oak_boat":1,"minecraft:stick":16,"minecraft:iron_pickaxe":1,"minecraft:stone_pickaxe":2,"minecraft:chest":4,"minecraft:white_bed":1,"minecraft:acacia_planks":24},"minecraft:custom":{"minecraft:interact_with_furnace":22,"minecraft:mob_kills":63,"minecraft:interact_with_crafting_table":21,"minecraft:climb_one_cm":1375,"minecraft:time_since_death":76397,"minecraft:sleep_in_bed":5,"minecraft:time_since_rest":27940,"minecraft:sprint_one_cm":261262,"minecraft:damage_taken":2732,"minecraft:walk_one_cm":221403,"minecraft:drop":12,"minecraft:damage_dealt":9146,"minecraft:talked_to_villager":14,"minecraft:swim_one_cm":91348,"minecraft:fly_one_cm":364665,"minecraft:player_kills":1,"minecraft:open_chest":10,"minecraft:crouch_one_cm":10433,"minecraft:play_time":95973,"minecraft:deaths":1,"minecraft:sneak_time":3895,"minecraft:walk_under_water_one_cm":12858,"minecraft:boat_one_cm":35926,"minecraft:jump":2284,"minecraft:walk_on_water_one_cm":13519,"minecraft:total_world_time":95973,"minecraft:fall_one_cm":46477}},"DataVersion":3953}