{"stats":{"minecraft:mined":{"minecraft:spruce_planks":11,"minecraft:cherry_planks":9,"minecraft:cherry_log":1,"minecraft:powder_snow":5,"minecraft:crafting_table":4,"minecraft:short_grass":16,"minecraft:acacia_log":6,"minecraft:grass_block":12,"minecraft:lectern":10,"minecraft:cobblestone":4,"minecraft:tall_grass":8,"minecraft:spruce_leaves":5,"minecraft:grindstone":1,"minecraft:oak_planks":13,"minecraft:sugar_cane":11,"minecraft:blue_bed":2,"minecraft:seagrass":1,"minecraft:furnace":2,"minecraft:iron_ore":8,"minecraft:sweet_berry_bush":6,"minecraft:spruce_log":5,"minecraft:bookshelf":6,"minecraft:oak_log":60,"minecraft:coal_ore":33,"minecraft:dirt":19,"minecraft:stone":92,"minecraft:oak_leaves":7,"minecraft:fern":2},"minecraft:broken":{"minecraft:stone_pickaxe":1,"minecraft:stone_axe":2},"minecraft:picked_up":{"minecraft:nautilus_shell":1,"minecraft:crafting_table":5,"minecraft:cooked_beef":17,"minecraft:cherry_planks":9,"minecraft:salmon":4,"minecraft:leather":24,"minecraft:oak_log":111,"minecraft:gunpowder":1,"minecraft:blue_bed":2,"minecraft:dirt":55,"minecraft:bone":3,"minecraft:bow":1,"minecraft:wheat_seeds":2,"minecraft:spruce_planks":11,"minecraft:grindstone":1,"minecraft:beef":54,"minecraft:stone_pickaxe":1,"minecraft:lectern":10,"minecraft:sugar_cane":24,"minecraft:oak_planks":13,"minecraft:furnace":3,"minecraft:book":18,"minecraft:stick":13,"minecraft:raw_iron":8,"minecraft:sweet_berries":16,"minecraft:acacia_log":12,"minecraft:porkchop":17,"minecraft:cherry_log":1,"minecraft:spruce_sapling":4,"minecraft:spruce_log":5,"minecraft:arrow":4,"minecraft:rotten_flesh":7,"minecraft:oak_sapling":5,"minecraft:black_wool":2,"minecraft:mutton":27,"minecraft:coal":95,"minecraft:white_wool":15,"minecraft:cobblestone":165},"minecraft:killed_by":{"minecraft:zombie":1},"minecraft:used":{"minecraft:stone_pickaxe":155,"minecraft:oak_planks":45,"minecraft:spruce_planks":22,"minecraft:chest":4,"minecraft:wooden_pickaxe":6,"minecraft:cherry_planks":10,"minecraft:sugar_cane":24,"minecraft:blue_bed":2,"minecraft:dirt":11,"minecraft:crafting_table":7,"minecraft:oak_log":2,"minecraft:bread":3,"minecraft:lectern":10,"minecraft:stone_axe":222,"minecraft:cobblestone":2,"minecraft:bow":1,"minecraft:grindstone":1,"minecraft:furnace":3,"minecraft:oak_boat":1,"minecraft:cooked_beef":19},"minecraft:dropped":{"minecraft:rotten_flesh":2,"minecraft:stick":1,"minecraft:oak_sapling":3,"minecraft:wooden_pickaxe":1},"minecraft:killed":{"minecraft:pig":8,"minecraft:salmon":4,"minecraft:creeper":1,"minecraft:sheep":10,"minecraft:skeleton":4,"minecraft:zombie":5,"minecraft:drowned":4,"minecraft:cow":13},"minecraft:crafted":{"minecraft:cooked_beef":29,"minecraft:cherry_planks":4,"minecraft:oak_planks":224,"minecraft:leather_boots":1,"minecraft:crafting_table":3,"minecraft:spruce_planks":20,"minecraft:wooden_pickaxe":1,"minecraft:furnace":1,"minecraft:stone_axe":3,"minecraft:air":0,"minecraft:oak_boat":1,"minecraft:stick":16,"minecraft:iron_pickaxe":1,"minecraft:stone_pickaxe":2,"minecraft:chest":4,"minecraft:acacia_planks":24},"minecraft:custom":{"minecraft:interact_with_furnace":13,"minecraft:mob_kills":49,"minecraft:interact_with_crafting_table":16,"minecraft:time_since_death":52397,"minecraft:sleep_in_bed":5,"minecraft:time_since_rest":3940,"minecraft:sprint_one_cm":196091,"minecraft:damage_taken":1587,"minecraft:walk_one_cm":148674,"minecraft:drop":6,"minecraft:damage_dealt":6062,"minecraft:talked_to_villager":14,"minecraft:swim_one_cm":53179,"minecraft:fly_one_cm":326315,"minecraft:player_kills":1,"minecraft:open_chest":10,"minecraft:crouch_one_cm":5179,"minecraft:play_time":71973,"minecraft:deaths":1,"minecraft:sneak_time":1538,"minecraft:walk_under_water_one_cm":8272,"minecraft:boat_one_cm":35926,"minecraft:jump":1745,"minecraft:walk_on_water_one_cm":11670,"minecraft:total_world_time":71973,"minecraft:fall_one_cm":39408}},"DataVersion":3953}