{"stats":{"minecraft:mined":{"minecraft:spruce_planks":10,"minecraft:cherry_planks":9,"minecraft:cherry_log":1,"minecraft:powder_snow":5,"minecraft:crafting_table":4,"minecraft:short_grass":16,"minecraft:acacia_log":6,"minecraft:grass_block":11,"minecraft:lectern":10,"minecraft:tall_grass":8,"minecraft:spruce_leaves":5,"minecraft:grindstone":1,"minecraft:oak_planks":10,"minecraft:sugar_cane":11,"minecraft:blue_bed":2,"minecraft:seagrass":1,"minecraft:furnace":2,"minecraft:iron_ore":8,"minecraft:sweet_berry_bush":6,"minecraft:spruce_log":5,"minecraft:bookshelf":6,"minecraft:oak_log":60,"minecraft:coal_ore":33,"minecraft:dirt":16,"minecraft:stone":83,"minecraft:oak_leaves":7,"minecraft:fern":2},"minecraft:picked_up":{"minecraft:crafting_table":5,"minecraft:cooked_beef":17,"minecraft:cherry_planks":9,"minecraft:leather":24,"minecraft:oak_log":111,"minecraft:gunpowder":1,"minecraft:blue_bed":2,"minecraft:dirt":51,"minecraft:bone":3,"minecraft:bow":1,"minecraft:wheat_seeds":2,"minecraft:spruce_planks":9,"minecraft:grindstone":1,"minecraft:beef":54,"minecraft:stone_pickaxe":1,"minecraft:lectern":10,"minecraft:sugar_cane":24,"minecraft:oak_planks":11,"minecraft:furnace":3,"minecraft:book":18,"minecraft:stick":13,"minecraft:raw_iron":8,"minecraft:sweet_berries":16,"minecraft:acacia_log":12,"minecraft:porkchop":17,"minecraft:cherry_log":1,"minecraft:spruce_sapling":4,"minecraft:spruce_log":5,"minecraft:arrow":2,"minecraft:rotten_flesh":5,"minecraft:oak_sapling":5,"minecraft:black_wool":2,"minecraft:mutton":27,"minecraft:coal":95,"minecraft:white_wool":15,"minecraft:cobblestone":152},"minecraft:broken":{"minecraft:stone_pickaxe":1,"minecraft:stone_axe":1},"minecraft:killed_by":{"minecraft:zombie":1},"minecraft:used":{"minecraft:stone_pickaxe":139,"minecraft:oak_planks":37,"minecraft:spruce_planks":20,"minecraft:chest":4,"minecraft:wooden_pickaxe":6,"minecraft:cherry_planks":10,"minecraft:sugar_cane":24,"minecraft:blue_bed":2,"minecraft:dirt":11,"minecraft:crafting_table":7,"minecraft:oak_log":2,"minecraft:bread":3,"minecraft:lectern":10,"minecraft:stone_axe":204,"minecraft:cobblestone":1,"minecraft:bow":1,"minecraft:furnace":3,"minecraft:oak_boat":1,"minecraft:cooked_beef":14},"minecraft:dropped":{"minecraft:stick":1,"minecraft:oak_sapling":3,"minecraft:wooden_pickaxe":1},"minecraft:killed":{"minecraft:pig":8,"minecraft:creeper":1,"minecraft:sheep":10,"minecraft:skeleton":3,"minecraft:zombie":5,"minecraft:drowned":1,"minecraft:cow":13},"minecraft:crafted":{"minecraft:cooked_beef":11,"minecraft:cherry_planks":4,"minecraft:oak_planks":224,"minecraft:leather_boots":1,"minecraft:crafting_table":3,"minecraft:spruce_planks":20,"minecraft:wooden_pickaxe":1,"minecraft:furnace":1,"minecraft:stone_axe":2,"minecraft:air":0,"minecraft:oak_boat":1,"minecraft:stick":16,"minecraft:iron_pickaxe":1,"minecraft:stone_pickaxe":2,"minecraft:chest":4,"minecraft:acacia_planks":24},"minecraft:custom":{"minecraft:interact_with_furnace":12,"minecraft:mob_kills":41,"minecraft:interact_with_crafting_table":12,"minecraft:time_since_death":40397,"minecraft:sleep_in_bed":2,"minecraft:time_since_rest":15400,"minecraft:sprint_one_cm":176022,"minecraft:damage_taken":1190,"minecraft:walk_one_cm":134327,"minecraft:drop":5,"minecraft:damage_dealt":4932,"minecraft:talked_to_villager":14,"minecraft:swim_one_cm":37773,"minecraft:fly_one_cm":290434,"minecraft:player_kills":1,"minecraft:open_chest":6,"minecraft:crouch_one_cm":4723,"minecraft:play_time":59973,"minecraft:deaths":1,"minecraft:sneak_time":1431,"minecraft:walk_under_water_one_cm":4430,"minecraft:boat_one_cm":35926,"minecraft:jump":1568,"minecraft:walk_on_water_one_cm":6233,"minecraft:total_world_time":59973,"minecraft:fall_one_cm":38781}},"DataVersion":3953}