{"stats":{"minecraft:crafted":{"minecraft:oak_boat":1,"minecraft:oak_planks":40,"minecraft:shield":1,"minecraft:crafting_table":1,"minecraft:stick":8,"minecraft:iron_ingot":5,"minecraft:wooden_pickaxe":1,"minecraft:stone_pickaxe":1,"minecraft:furnace":2,"minecraft:white_bed":2,"minecraft:stone_axe":1,"minecraft:cooked_mutton":8,"minecraft:air":0},"minecraft:dropped":{"minecraft:ender_pearl":1,"minecraft:melon_slice":12,"minecraft:oak_sapling":2,"minecraft:cobblestone":6,"minecraft:white_bed":1},"minecraft:killed":{"minecraft:sheep":6,"minecraft:skeleton":3,"minecraft:zombie":2,"minecraft:enderman":1},"minecraft:picked_up":{"minecraft:raw_iron":5,"minecraft:stick":5,"minecraft:crafting_table":3,"minecraft:wooden_pickaxe":1,"minecraft:oak_log":10,"minecraft:white_bed":3,"minecraft:dirt":15,"minecraft:bone":4,"minecraft:arrow":5,"minecraft:rotten_flesh":2,"minecraft:apple":2,"minecraft:wheat_seeds":3,"minecraft:oak_boat":1,"minecraft:furnace":2,"minecraft:oak_sapling":4,"minecraft:melon_slice":64,"minecraft:mutton":8,"minecraft:coal":4,"minecraft:white_wool":6,"minecraft:cobblestone":32,"minecraft:ender_pearl":1},"minecraft:custom":{"minecraft:time_since_rest":6870,"minecraft:interact_with_furnace":16,"minecraft:sprint_one_cm":49650,"minecraft:damage_taken":315,"minecraft:walk_one_cm":41301,"minecraft:mob_kills":13,"minecraft:drop":16,"minecraft:damage_dealt":2188,"minecraft:swim_one_cm":4080,"minecraft:interact_with_crafting_table":8,"minecraft:fly_one_cm":91131,"minecraft:walk_under_water_one_cm":139,"minecraft:open_chest":1,"minecraft:crouch_one_cm":822,"minecraft:play_time":19239,"minecraft:sneak_time":207,"minecraft:jump":503,"minecraft:walk_on_water_one_cm":271,"minecraft:leave_game":1,"minecraft:time_since_death":19239,"minecraft:sleep_in_bed":1,"minecraft:climb_one_cm":1237,"minecraft:total_world_time":19239,"minecraft:fall_one_cm":13536},"minecraft:used":{"minecraft:cooked_mutton":1,"minecraft:apple":2,"minecraft:melon_slice":18,"minecraft:stone_pickaxe":31,"minecraft:wooden_pickaxe":12,"minecraft:stone_axe":62,"minecraft:dirt":15,"minecraft:crafting_table":3,"minecraft:furnace":2,"minecraft:white_bed":2,"minecraft:oak_boat":1},"minecraft:mined":{"minecraft:white_bed":3,"minecraft:furnace":2,"minecraft:iron_ore":5,"minecraft:crafting_table":3,"minecraft:short_grass":12,"minecraft:coal_ore":3,"minecraft:vine":4,"minecraft:oak_log":10,"minecraft:melon":13,"minecraft:stone":32,"minecraft:oak_leaves":6,"minecraft:fern":1}},"DataVersion":3953}