{"stats":{"minecraft:broken":{"minecraft:iron_pickaxe":1},"minecraft:mined":{"minecraft:diamond_ore":7,"minecraft:tuff":14,"minecraft:white_bed":1,"minecraft:deepslate_diamond_ore":5,"minecraft:crafting_table":6,"minecraft:torch":3,"minecraft:short_grass":5,"minecraft:chest":2,"minecraft:cobblestone":1,"minecraft:lapis_ore":7,"minecraft:deepslate_gold_ore":1,"minecraft:sugar_cane":1,"minecraft:diorite":3,"minecraft:wall_torch":4,"minecraft:pink_petals":4,"minecraft:furnace":5,"minecraft:birch_log":1,"minecraft:iron_ore":60,"minecraft:cobbled_deepslate":7,"minecraft:andesite":2,"minecraft:coal_ore":90,"minecraft:oak_log":13,"minecraft:deepslate_iron_ore":15,"minecraft:dirt":1,"minecraft:stone":32,"minecraft:gold_ore":6,"minecraft:oak_leaves":2,"minecraft:deepslate":133},"minecraft:picked_up":{"minecraft:wooden_axe":1,"minecraft:birch_log":4,"minecraft:pink_petals":7,"minecraft:crafting_table":8,"minecraft:glow_ink_sac":3,"minecraft:andesite":2,"minecraft:leather":5,"minecraft:wooden_pickaxe":1,"minecraft:birch_planks":16,"minecraft:enchanted_book":1,"minecraft:tuff":14,"minecraft:oak_log":25,"minecraft:gunpowder":3,"minecraft:lapis_lazuli":44,"minecraft:dirt":37,"minecraft:cooked_mutton":10,"minecraft:bone":10,"minecraft:wheat_seeds":1,"minecraft:cobbled_deepslate":139,"minecraft:raw_gold":7,"minecraft:beef":10,"minecraft:stone_pickaxe":3,"minecraft:wooden_shovel":1,"minecraft:sugar_cane":4,"minecraft:chest":2,"minecraft:oak_planks":13,"minecraft:furnace":5,"minecraft:stick":20,"minecraft:raw_iron":78,"minecraft:cooked_porkchop":4,"minecraft:torch":14,"minecraft:porkchop":33,"minecraft:diorite":3,"minecraft:white_bed":1,"minecraft:spider_eye":1,"minecraft:arrow":2,"minecraft:rotten_flesh":17,"minecraft:diamond":12,"minecraft:stone_axe":2,"minecraft:gray_wool":1,"minecraft:bread":1,"minecraft:oak_sapling":6,"minecraft:mutton":6,"minecraft:coal":169,"minecraft:white_wool":4,"minecraft:cobblestone":49},"minecraft:killed_by":{"minecraft:player":5,"minecraft:zombie":1,"minecraft:drowned":1},"minecraft:used":{"minecraft:cooked_mutton":6,"minecraft:stone_pickaxe":50,"minecraft:shield":3,"minecraft:wooden_pickaxe":3,"minecraft:iron_sword":12,"minecraft:torch":109,"minecraft:dirt":7,"minecraft:crafting_table":5,"minecraft:white_bed":2,"minecraft:tuff":12,"minecraft:lava_bucket":42,"minecraft:iron_pickaxe":338,"minecraft:stone_axe":72,"minecraft:cobblestone":13,"minecraft:furnace":4,"minecraft:cooked_porkchop":6,"minecraft:porkchop":2,"minecraft:bucket":43,"minecraft:cobbled_deepslate":21},"minecraft:dropped":{"minecraft:enchanted_book":1,"minecraft:iron_ingot":12,"minecraft:stone_axe":1,"minecraft:wheat_seeds":1,"minecraft:cobbled_deepslate":4,"minecraft:crafting_table":1,"minecraft:cooked_porkchop":10,"minecraft:rotten_flesh":9,"minecraft:cobblestone":9,"minecraft:cooked_mutton":10,"minecraft:coal":14,"minecraft:stick":8,"minecraft:dirt":3,"minecraft:gray_wool":1,"minecraft:shield":1,"minecraft:wooden_axe":1,"minecraft:andesite":2,"minecraft:beetroot_seeds":4,"minecraft:wooden_shovel":1,"minecraft:wooden_pickaxe":1,"minecraft:stone_pickaxe":2,"minecraft:pink_petals":7},"minecraft:killed":{"minecraft:pig":14,"minecraft:spider":2,"minecraft:creeper":1,"minecraft:skeleton":3,"minecraft:sheep":5,"minecraft:zombie":7,"minecraft:cow":5},"minecraft:crafted":{"minecraft:cooked_beef":10,"minecraft:oak_planks":52,"minecraft:cooked_porkchop":31,"minecraft:crafting_table":2,"minecraft:wooden_pickaxe":1,"minecraft:iron_helmet":1,"minecraft:iron_sword":1,"minecraft:furnace":1,"minecraft:birch_planks":12,"minecraft:stone_axe":1,"minecraft:cooked_mutton":25,"minecraft:air":0,"minecraft:iron_boots":1,"minecraft:iron_chestplate":1,"minecraft:shield":2,"minecraft:stick":48,"minecraft:iron_ingot":65,"minecraft:iron_pickaxe":2,"minecraft:stone_pickaxe":1,"minecraft:gold_ingot":7,"minecraft:iron_leggings":1,"minecraft:white_bed":1,"minecraft:torch":112},"minecraft:custom":{"minecraft:interact_with_furnace":103,"minecraft:mob_kills":37,"minecraft:interact_with_crafting_table":22,"minecraft:leave_game":3,"minecraft:time_since_death":74183,"minecraft:sleep_in_bed":2,"minecraft:time_since_rest":16219,"minecraft:sprint_one_cm":191739,"minecraft:damage_taken":2495,"minecraft:walk_one_cm":144575,"minecraft:damage_blocked_by_shield":120,"minecraft:drop":34,"minecraft:damage_dealt":4907,"minecraft:swim_one_cm":22973,"minecraft:fly_one_cm":285387,"minecraft:player_kills":1,"minecraft:open_chest":2,"minecraft:crouch_one_cm":3219,"minecraft:play_time":90394,"minecraft:deaths":7,"minecraft:sneak_time":1733,"minecraft:walk_under_water_one_cm":5341,"minecraft:jump":1617,"minecraft:walk_on_water_one_cm":4653,"minecraft:total_world_time":90394,"minecraft:fall_one_cm":43336}},"DataVersion":3953}