{"stats":{"minecraft:killed":{"minecraft:witch":3,"minecraft:spider":22,"minecraft:skeleton":29,"minecraft:pig":24,"minecraft:creeper":2,"minecraft:sheep":5,"minecraft:pillager":40,"minecraft:zombie":63,"minecraft:glow_squid":1,"minecraft:cow":9,"minecraft:vex":1,"minecraft:armadillo":1,"minecraft:vindicator":12,"minecraft:slime":10,"minecraft:bat":1,"minecraft:ravager":6},"minecraft:mined":{"minecraft:spruce_planks":135,"minecraft:white_bed":18,"minecraft:farmland":2,"minecraft:cherry_log":1,"minecraft:cobblestone_stairs":23,"minecraft:granite":3,"minecraft:grass_block":683,"minecraft:jungle_log":3,"minecraft:oak_pressure_plate":1,"minecraft:composter":1,"minecraft:oak_wall_sign":1,"minecraft:oxeye_daisy":1,"minecraft:barrel":1,"minecraft:cobbled_deepslate":352,"minecraft:iron_ore":61,"minecraft:fire":12,"minecraft:fletching_table":2,"minecraft:deepslate_lapis_ore":16,"minecraft:azure_bluet":1,"minecraft:sculk_shrieker":1,"minecraft:pointed_dripstone":2,"minecraft:oak_sign":1,"minecraft:dirt_path":46,"minecraft:oak_stairs":60,"minecraft:amethyst_cluster":1,"minecraft:torch":9,"minecraft:poppy":2,"minecraft:chest":11,"minecraft:white_stained_glass_pane":10,"minecraft:cobblestone":643,"minecraft:oak_planks":154,"minecraft:sugar_cane":1,"minecraft:grindstone":1,"minecraft:wall_torch":8,"minecraft:pink_petals":4,"minecraft:white_terracotta":31,"minecraft:birch_log":1,"minecraft:wheat":81,"minecraft:yellow_stained_glass_pane":10,"minecraft:oak_log":162,"minecraft:beetroots":4,"minecraft:sand":12,"minecraft:dirt":460,"minecraft:stonecutter":1,"minecraft:oak_leaves":3,"minecraft:deepslate":196,"minecraft:diamond_ore":7,"minecraft:tuff":20,"minecraft:mossy_cobblestone":61,"minecraft:deepslate_diamond_ore":57,"minecraft:oak_door":4,"minecraft:spruce_leaves":2,"minecraft:oak_trapdoor":19,"minecraft:furnace":16,"minecraft:carrots":156,"minecraft:andesite":2,"minecraft:gold_block":3,"minecraft:bell":1,"minecraft:potatoes":33,"minecraft:vine":1,"minecraft:cobblestone_slab":2,"minecraft:deepslate_iron_ore":50,"minecraft:stripped_oak_log":16,"minecraft:stone":84,"minecraft:white_wool":1,"minecraft:oak_slab":6,"minecraft:glass_pane":17,"minecraft:cherry_planks":27,"minecraft:lily_of_the_valley":1,"minecraft:dandelion":2,"minecraft:oak_fence":9,"minecraft:crafting_table":10,"minecraft:short_grass":57,"minecraft:sculk_sensor":2,"minecraft:tall_grass":40,"minecraft:deepslate_gold_ore":34,"minecraft:lapis_ore":7,"minecraft:sculk":1,"minecraft:diorite":7,"minecraft:blue_bed":1,"minecraft:cobblestone_wall":2,"minecraft:spruce_log":2,"minecraft:white_wall_banner":2,"minecraft:yellow_bed":1,"minecraft:coal_ore":105,"minecraft:dripstone_block":4,"minecraft:gold_ore":6},"minecraft:crafted":{"minecraft:oak_planks":180,"minecraft:barrel":3,"minecraft:oak_sign":3,"minecraft:stone":12,"minecraft:cooked_mutton":25,"minecraft:glass":12,"minecraft:diamond_helmet":1,"minecraft:diamond_leggings":2,"minecraft:bow":1,"minecraft:iron_boots":1,"minecraft:chest":7,"minecraft:stone_hoe":3,"minecraft:oak_slab":102,"minecraft:cooked_porkchop":44,"minecraft:crafting_table":6,"minecraft:wooden_pickaxe":1,"minecraft:iron_helmet":1,"minecraft:birch_planks":12,"minecraft:iron_chestplate":1,"minecraft:diamond_pickaxe":1,"minecraft:shield":3,"minecraft:stick":124,"minecraft:iron_ingot":65,"minecraft:iron_pickaxe":3,"minecraft:gold_ingot":7,"minecraft:cherry_planks":4,"minecraft:stone_shovel":8,"minecraft:furnace":1,"minecraft:oak_trapdoor":6,"minecraft:iron_axe":3,"minecraft:spruce_slab":12,"minecraft:stone_pickaxe":1,"minecraft:diamond_boots":2,"minecraft:cooked_beef":18,"minecraft:diamond_sword":1,"minecraft:iron_sword":1,"minecraft:bucket":1,"minecraft:stone_axe":1,"minecraft:enchanted_book":1,"minecraft:bread":19,"minecraft:air":0,"minecraft:white_dye":1,"minecraft:iron_leggings":1,"minecraft:stonecutter":1,"minecraft:white_bed":1,"minecraft:torch":160,"minecraft:lapis_block":16,"minecraft:diamond_chestplate":2},"minecraft:broken":{"minecraft:diamond_helmet":1,"minecraft:golden_shovel":1,"minecraft:iron_sword":1,"minecraft:stone_shovel":7,"minecraft:flint_and_steel":1,"minecraft:stone_hoe":1,"minecraft:shield":1,"minecraft:iron_axe":2,"minecraft:iron_pickaxe":3,"minecraft:iron_helmet":1},"minecraft:picked_up":{"minecraft:wooden_axe":1,"minecraft:iron_chestplate":4,"minecraft:wheat":76,"minecraft:oak_stairs":120,"minecraft:potion":1,"minecraft:enchanted_book":9,"minecraft:lapis_block":48,"minecraft:string":108,"minecraft:iron_leggings":3,"minecraft:oak_sign":6,"minecraft:beetroot":4,"minecraft:diamond_leggings":1,"minecraft:cobbled_deepslate":853,"minecraft:bucket":1,"minecraft:spruce_planks":158,"minecraft:cobblestone_slab":4,"minecraft:wooden_shovel":1,"minecraft:iron_pickaxe":2,"minecraft:enchanted_golden_apple":2,"minecraft:furnace":21,"minecraft:iron_boots":4,"minecraft:stick":53,"minecraft:composter":2,"minecraft:oak_fence":17,"minecraft:torch":54,"minecraft:porkchop":55,"minecraft:cherry_log":1,"minecraft:diorite":11,"minecraft:pointed_dripstone":50,"minecraft:golden_chestplate":2,"minecraft:rotten_flesh":131,"minecraft:armadillo_scute":6,"minecraft:white_terracotta":60,"minecraft:obsidian":2,"minecraft:cobblestone":1059,"minecraft:birch_log":4,"minecraft:pink_petals":7,"minecraft:cooked_beef":10,"minecraft:cherry_planks":58,"minecraft:jungle_log":3,"minecraft:water_bucket":4,"minecraft:andesite":2,"minecraft:potato":140,"minecraft:tuff":20,"minecraft:lapis_lazuli":150,"minecraft:dirt":1378,"minecraft:name_tag":4,"minecraft:bone":120,"minecraft:stonecutter":1,"minecraft:bow":10,"minecraft:wheat_seeds":242,"minecraft:raw_gold":139,"minecraft:bell":3,"minecraft:grindstone":2,"minecraft:fletching_table":2,"minecraft:diamond_helmet":1,"minecraft:stone_hoe":1,"minecraft:oak_planks":297,"minecraft:cooked_porkchop":8,"minecraft:oak_pressure_plate":1,"minecraft:sand":12,"minecraft:lily_of_the_valley":1,"minecraft:barrel":1,"minecraft:mossy_cobblestone":114,"minecraft:sugar":1,"minecraft:diamond":287,"minecraft:crossbow":2,"minecraft:granite":3,"minecraft:golden_apple":5,"minecraft:spruce_sign":3,"minecraft:emerald":122,"minecraft:bread":17,"minecraft:oak_sapling":15,"minecraft:crafting_table":13,"minecraft:azure_bluet":1,"minecraft:ladder":18,"minecraft:wooden_pickaxe":1,"minecraft:gold_block":3,"minecraft:shield":1,"minecraft:oak_trapdoor":28,"minecraft:flint_and_steel":2,"minecraft:compass":1,"minecraft:beef":18,"minecraft:oak_boat":1,"minecraft:poppy":3,"minecraft:sugar_cane":16,"minecraft:lectern":2,"minecraft:chest":15,"minecraft:raw_iron":175,"minecraft:stone":8,"minecraft:oak_door":11,"minecraft:white_dye":1,"minecraft:cookie":1,"minecraft:carrot":597,"minecraft:redstone":29,"minecraft:arrow":43,"minecraft:diamond_chestplate":1,"minecraft:beetroot_seeds":11,"minecraft:diamond_boots":2,"minecraft:totem_of_undying":1,"minecraft:saddle":9,"minecraft:gold_ingot":30,"minecraft:mutton":6,"minecraft:white_wool":6,"minecraft:oxeye_daisy":2,"minecraft:stripped_oak_log":24,"minecraft:glow_ink_sac":36,"minecraft:leather":28,"minecraft:birch_planks":16,"minecraft:oak_log":230,"minecraft:gunpowder":135,"minecraft:yellow_bed":1,"minecraft:cobblestone_wall":4,"minecraft:cobblestone_stairs":44,"minecraft:blue_bed":5,"minecraft:paper":1,"minecraft:white_banner":23,"minecraft:cooked_mutton":10,"minecraft:iron_ingot":115,"minecraft:stone_pickaxe":3,"minecraft:iron_sword":1,"minecraft:book":67,"minecraft:oak_slab":8,"minecraft:dandelion":7,"minecraft:dripstone_block":24,"minecraft:amethyst_shard":12,"minecraft:spruce_sapling":4,"minecraft:white_bed":19,"minecraft:spruce_log":2,"minecraft:spider_eye":8,"minecraft:slime_ball":16,"minecraft:stone_axe":2,"minecraft:iron_helmet":3,"minecraft:diamond_axe":1,"minecraft:gray_wool":1,"minecraft:coal":194,"minecraft:ender_pearl":1},"minecraft:killed_by":{"minecraft:creeper":1,"minecraft:drowned":1,"minecraft:zombie":1,"minecraft:player":5},"minecraft:used":{"minecraft:spruce_slab":4,"minecraft:poppy":1,"minecraft:ladder":2,"minecraft:oak_sign":1,"minecraft:chest":16,"minecraft:shield":86,"minecraft:stone":1,"minecraft:iron_sword":251,"minecraft:bell":3,"minecraft:iron_chestplate":1,"minecraft:carrot":314,"minecraft:tuff":16,"minecraft:glass":12,"minecraft:lava_bucket":45,"minecraft:iron_helmet":1,"minecraft:bow":20,"minecraft:furnace":15,"minecraft:beetroot_seeds":11,"minecraft:potato":106,"minecraft:stone_pickaxe":50,"minecraft:wooden_pickaxe":3,"minecraft:diamond_axe":93,"minecraft:blue_bed":1,"minecraft:cookie":1,"minecraft:crossbow":2,"minecraft:bread":39,"minecraft:diamond_sword":402,"minecraft:grindstone":1,"minecraft:oak_fence":1,"minecraft:oak_trapdoor":13,"minecraft:flint_and_steel":98,"minecraft:stone_shovel":1010,"minecraft:spruce_planks":2,"minecraft:stone_hoe":317,"minecraft:torch":206,"minecraft:dirt":958,"minecraft:golden_shovel":81,"minecraft:granite":3,"minecraft:iron_axe":571,"minecraft:iron_boots":1,"minecraft:totem_of_undying":1,"minecraft:barrel":4,"minecraft:goat_horn":40,"minecraft:cooked_beef":18,"minecraft:cobbled_deepslate":188,"minecraft:iron_leggings":1,"minecraft:wheat_seeds":141,"minecraft:cooked_mutton":12,"minecraft:water_bucket":16,"minecraft:cobblestone_stairs":2,"minecraft:fletching_table":2,"minecraft:stonecutter":1,"minecraft:mossy_cobblestone":5,"minecraft:oak_slab":97,"minecraft:crafting_table":13,"minecraft:white_bed":19,"minecraft:oak_log":1,"minecraft:diamond_pickaxe":1066,"minecraft:oxeye_daisy":1,"minecraft:iron_pickaxe":741,"minecraft:spruce_sapling":4,"minecraft:stone_axe":72,"minecraft:cobblestone":372,"minecraft:cooked_porkchop":36,"minecraft:white_banner":13,"minecraft:porkchop":11,"minecraft:bucket":63,"minecraft:yellow_bed":1,"minecraft:dandelion":2},"minecraft:custom":{"minecraft:interact_with_crafting_table":65,"minecraft:open_barrel":22,"minecraft:bell_ring":44,"minecraft:leave_game":6,"minecraft:time_since_death":375342,"minecraft:sprint_one_cm":1455978,"minecraft:damage_blocked_by_shield":4660,"minecraft:drop":130,"minecraft:talked_to_villager":15,"minecraft:play_time":562515,"minecraft:deaths":9,"minecraft:jump":11189,"minecraft:walk_on_water_one_cm":55650,"minecraft:interact_with_furnace":147,"minecraft:traded_with_villager":1,"minecraft:sleep_in_bed":21,"minecraft:damage_dealt":46417,"minecraft:player_kills":2,"minecraft:crouch_one_cm":111440,"minecraft:mob_kills":236,"minecraft:climb_one_cm":14966,"minecraft:walk_one_cm":1166876,"minecraft:raid_win":3,"minecraft:sneak_time":30275,"minecraft:walk_under_water_one_cm":34078,"minecraft:total_world_time":562515,"minecraft:interact_with_grindstone":2,"minecraft:interact_with_stonecutter":3,"minecraft:time_since_rest":23415,"minecraft:damage_taken":11028,"minecraft:damage_absorbed":26,"minecraft:swim_one_cm":132847,"minecraft:fly_one_cm":2063266,"minecraft:open_chest":271,"minecraft:fall_one_cm":303281},"minecraft:dropped":{"minecraft:diamond_axe":1,"minecraft:lapis_lazuli":6,"minecraft:diamond":3,"minecraft:crafting_table":1,"minecraft:cooked_porkchop":16,"minecraft:saddle":4,"minecraft:emerald":39,"minecraft:dirt":3,"minecraft:sugar":1,"minecraft:stone_axe":1,"minecraft:goat_horn":1,"minecraft:golden_chestplate":1,"minecraft:cobbled_deepslate":88,"minecraft:wheat":1,"minecraft:pointed_dripstone":10,"minecraft:beetroot":4,"minecraft:rotten_flesh":42,"minecraft:grindstone":1,"minecraft:cooked_mutton":10,"minecraft:azure_bluet":1,"minecraft:carrot":237,"minecraft:poppy":1,"minecraft:beetroot_seeds":4,"minecraft:arrow":2,"minecraft:lectern":2,"minecraft:water_bucket":1,"minecraft:enchanted_book":3,"minecraft:iron_ingot":12,"minecraft:wheat_seeds":4,"minecraft:dripstone_block":4,"minecraft:cobblestone":35,"minecraft:book":77,"minecraft:apple":1,"minecraft:coal":14,"minecraft:golden_apple":3,"minecraft:stick":12,"minecraft:gray_wool":1,"minecraft:diorite":3,"minecraft:wooden_axe":1,"minecraft:potion":1,"minecraft:iron_leggings":2,"minecraft:pink_petals":7,"minecraft:dandelion":4,"minecraft:redstone":5,"minecraft:tuff":3,"minecraft:iron_boots":3,"minecraft:potato":11,"minecraft:shield":1,"minecraft:iron_chestplate":1,"minecraft:andesite":2,"minecraft:wooden_shovel":1,"minecraft:spider_eye":3,"minecraft:diamond_boots":1,"minecraft:bow":2,"minecraft:stone_pickaxe":2,"minecraft:wooden_pickaxe":1}},"DataVersion":3953}