{"stats":{"minecraft:crafted":{"minecraft:oak_planks":24,"minecraft:crafting_table":1,"minecraft:stone_axe":1,"minecraft:stick":8,"minecraft:wooden_pickaxe":1,"minecraft:stone_pickaxe":1},"minecraft:killed":{"minecraft:skeleton":1},"minecraft:dropped":{"minecraft:cobblestone":6,"minecraft:melon_slice":5,"minecraft:oak_sapling":2},"minecraft:used":{"minecraft:stone_axe":19,"minecraft:crafting_table":1,"minecraft:melon_slice":4,"minecraft:wooden_pickaxe":12},"minecraft:custom":{"minecraft:time_since_rest":7282,"minecraft:crouch_one_cm":572,"minecraft:play_time":7282,"minecraft:sprint_one_cm":14640,"minecraft:damage_taken":55,"minecraft:walk_one_cm":10979,"minecraft:sneak_time":130,"minecraft:mob_kills":1,"minecraft:drop":7,"minecraft:jump":160,"minecraft:damage_dealt":335,"minecraft:leave_game":1,"minecraft:time_since_death":7282,"minecraft:climb_one_cm":783,"minecraft:total_world_time":7282,"minecraft:fall_one_cm":3438,"minecraft:interact_with_crafting_table":2,"minecraft:fly_one_cm":29276},"minecraft:picked_up":{"minecraft:stick":1,"minecraft:crafting_table":1,"minecraft:arrow":2,"minecraft:oak_log":10,"minecraft:oak_sapling":2,"minecraft:melon_slice":41,"minecraft:cobblestone":12},"minecraft:mined":{"minecraft:short_grass":2,"minecraft:oak_log":10,"minecraft:melon":8,"minecraft:stone":12,"minecraft:oak_leaves":6,"minecraft:crafting_table":1}},"DataVersion":3953}