{"stats":{"minecraft:mined":{"minecraft:crafting_table":4,"minecraft:short_grass":4,"minecraft:pink_petals":4,"minecraft:furnace":2,"minecraft:birch_log":1,"minecraft:iron_ore":4,"minecraft:oak_log":9,"minecraft:coal_ore":29,"minecraft:stone":20},"minecraft:picked_up":{"minecraft:wooden_axe":1,"minecraft:birch_log":4,"minecraft:pink_petals":7,"minecraft:crafting_table":6,"minecraft:leather":5,"minecraft:wooden_pickaxe":1,"minecraft:birch_planks":16,"minecraft:oak_log":21,"minecraft:dirt":36,"minecraft:bone":3,"minecraft:wheat_seeds":1,"minecraft:beef":10,"minecraft:stone_pickaxe":2,"minecraft:wooden_shovel":1,"minecraft:oak_planks":13,"minecraft:furnace":2,"minecraft:stick":20,"minecraft:raw_iron":8,"minecraft:cooked_porkchop":4,"minecraft:porkchop":20,"minecraft:spider_eye":1,"minecraft:rotten_flesh":6,"minecraft:stone_axe":2,"minecraft:gray_wool":1,"minecraft:oak_sapling":6,"minecraft:mutton":6,"minecraft:coal":37,"minecraft:white_wool":4,"minecraft:cobblestone":35},"minecraft:killed_by":{"minecraft:player":5,"minecraft:zombie":1,"minecraft:drowned":1},"minecraft:used":{"minecraft:cooked_mutton":1,"minecraft:stone_pickaxe":50,"minecraft:wooden_pickaxe":3,"minecraft:crafting_table":3,"minecraft:iron_pickaxe":2,"minecraft:stone_axe":42,"minecraft:furnace":2,"minecraft:porkchop":2},"minecraft:dropped":{"minecraft:wheat_seeds":1,"minecraft:crafting_table":1,"minecraft:cooked_porkchop":8,"minecraft:cobblestone":8,"minecraft:coal":14,"minecraft:stick":8,"minecraft:gray_wool":1,"minecraft:shield":1,"minecraft:wooden_shovel":1,"minecraft:wooden_pickaxe":1,"minecraft:pink_petals":7},"minecraft:killed":{"minecraft:pig":9,"minecraft:spider":1,"minecraft:creeper":1,"minecraft:skeleton":1,"minecraft:sheep":5,"minecraft:zombie":3,"minecraft:cow":5},"minecraft:crafted":{"minecraft:oak_planks":36,"minecraft:cooked_porkchop":18,"minecraft:crafting_table":2,"minecraft:wooden_pickaxe":1,"minecraft:furnace":1,"minecraft:birch_planks":12,"minecraft:stone_axe":1,"minecraft:cooked_mutton":2,"minecraft:air":0,"minecraft:shield":1,"minecraft:stick":16,"minecraft:iron_ingot":4,"minecraft:iron_pickaxe":1,"minecraft:stone_pickaxe":1},"minecraft:custom":{"minecraft:interact_with_furnace":31,"minecraft:mob_kills":25,"minecraft:interact_with_crafting_table":10,"minecraft:leave_game":1,"minecraft:time_since_death":12662,"minecraft:time_since_rest":12697,"minecraft:sprint_one_cm":83783,"minecraft:damage_taken":1828,"minecraft:walk_one_cm":67770,"minecraft:drop":19,"minecraft:damage_dealt":3022,"minecraft:fly_one_cm":166418,"minecraft:player_kills":1,"minecraft:swim_one_cm":16911,"minecraft:crouch_one_cm":195,"minecraft:play_time":28873,"minecraft:deaths":7,"minecraft:sneak_time":216,"minecraft:walk_under_water_one_cm":4012,"minecraft:jump":780,"minecraft:walk_on_water_one_cm":1461,"minecraft:total_world_time":28873,"minecraft:fall_one_cm":19881}},"DataVersion":3953}