{"stats":{"minecraft:killed":{"minecraft:witch":1,"minecraft:spider":15,"minecraft:skeleton":26,"minecraft:pig":24,"minecraft:creeper":2,"minecraft:sheep":5,"minecraft:zombie":46,"minecraft:glow_squid":1,"minecraft:cow":9,"minecraft:armadillo":1,"minecraft:slime":10,"minecraft:bat":1},"minecraft:mined":{"minecraft:spruce_planks":45,"minecraft:white_bed":13,"minecraft:farmland":2,"minecraft:cherry_log":1,"minecraft:cobblestone_stairs":23,"minecraft:granite":3,"minecraft:grass_block":640,"minecraft:composter":1,"minecraft:oak_wall_sign":1,"minecraft:oxeye_daisy":1,"minecraft:cobbled_deepslate":349,"minecraft:iron_ore":61,"minecraft:fire":1,"minecraft:fletching_table":2,"minecraft:deepslate_lapis_ore":16,"minecraft:azure_bluet":1,"minecraft:sculk_shrieker":1,"minecraft:pointed_dripstone":2,"minecraft:oak_sign":1,"minecraft:dirt_path":46,"minecraft:oak_stairs":60,"minecraft:amethyst_cluster":1,"minecraft:torch":9,"minecraft:poppy":2,"minecraft:chest":10,"minecraft:white_stained_glass_pane":10,"minecraft:cobblestone":600,"minecraft:oak_planks":148,"minecraft:sugar_cane":1,"minecraft:grindstone":1,"minecraft:wall_torch":8,"minecraft:pink_petals":4,"minecraft:white_terracotta":31,"minecraft:birch_log":1,"minecraft:wheat":22,"minecraft:yellow_stained_glass_pane":10,"minecraft:oak_log":129,"minecraft:beetroots":1,"minecraft:dirt":365,"minecraft:stonecutter":1,"minecraft:oak_leaves":3,"minecraft:deepslate":196,"minecraft:diamond_ore":7,"minecraft:tuff":20,"minecraft:mossy_cobblestone":56,"minecraft:deepslate_diamond_ore":57,"minecraft:oak_door":3,"minecraft:oak_trapdoor":13,"minecraft:furnace":16,"minecraft:carrots":22,"minecraft:andesite":2,"minecraft:gold_block":3,"minecraft:bell":1,"minecraft:potatoes":7,"minecraft:cobblestone_slab":2,"minecraft:deepslate_iron_ore":50,"minecraft:stripped_oak_log":16,"minecraft:stone":84,"minecraft:white_wool":1,"minecraft:oak_slab":3,"minecraft:glass_pane":12,"minecraft:cherry_planks":27,"minecraft:lily_of_the_valley":1,"minecraft:dandelion":1,"minecraft:oak_fence":8,"minecraft:crafting_table":9,"minecraft:short_grass":25,"minecraft:sculk_sensor":2,"minecraft:tall_grass":13,"minecraft:deepslate_gold_ore":34,"minecraft:lapis_ore":7,"minecraft:sculk":1,"minecraft:diorite":7,"minecraft:blue_bed":1,"minecraft:cobblestone_wall":2,"minecraft:white_wall_banner":2,"minecraft:yellow_bed":1,"minecraft:coal_ore":105,"minecraft:dripstone_block":4,"minecraft:gold_ore":6},"minecraft:crafted":{"minecraft:oak_planks":148,"minecraft:oak_sign":3,"minecraft:stone":12,"minecraft:cooked_mutton":25,"minecraft:iron_boots":1,"minecraft:chest":4,"minecraft:stone_hoe":3,"minecraft:oak_slab":102,"minecraft:cooked_porkchop":44,"minecraft:crafting_table":6,"minecraft:wooden_pickaxe":1,"minecraft:iron_helmet":1,"minecraft:birch_planks":12,"minecraft:iron_chestplate":1,"minecraft:diamond_pickaxe":1,"minecraft:shield":3,"minecraft:stick":124,"minecraft:iron_ingot":65,"minecraft:iron_pickaxe":3,"minecraft:gold_ingot":7,"minecraft:cherry_planks":4,"minecraft:stone_shovel":8,"minecraft:furnace":1,"minecraft:oak_trapdoor":6,"minecraft:iron_axe":3,"minecraft:stone_pickaxe":1,"minecraft:cooked_beef":18,"minecraft:iron_sword":1,"minecraft:bucket":1,"minecraft:stone_axe":1,"minecraft:enchanted_book":1,"minecraft:air":0,"minecraft:white_dye":1,"minecraft:iron_leggings":1,"minecraft:stonecutter":1,"minecraft:white_bed":1,"minecraft:torch":160,"minecraft:lapis_block":16},"minecraft:broken":{"minecraft:golden_shovel":1,"minecraft:iron_sword":1,"minecraft:stone_shovel":6,"minecraft:flint_and_steel":1,"minecraft:stone_hoe":1,"minecraft:shield":1,"minecraft:iron_axe":2,"minecraft:iron_pickaxe":3},"minecraft:picked_up":{"minecraft:wooden_axe":1,"minecraft:iron_chestplate":4,"minecraft:wheat":19,"minecraft:oak_stairs":120,"minecraft:enchanted_book":6,"minecraft:lapis_block":48,"minecraft:string":105,"minecraft:iron_leggings":3,"minecraft:oak_sign":6,"minecraft:beetroot":1,"minecraft:diamond_leggings":1,"minecraft:cobbled_deepslate":851,"minecraft:bucket":1,"minecraft:spruce_planks":70,"minecraft:cobblestone_slab":4,"minecraft:wooden_shovel":1,"minecraft:iron_pickaxe":2,"minecraft:enchanted_golden_apple":2,"minecraft:furnace":21,"minecraft:iron_boots":4,"minecraft:stick":49,"minecraft:composter":2,"minecraft:oak_fence":16,"minecraft:torch":51,"minecraft:porkchop":55,"minecraft:cherry_log":1,"minecraft:diorite":11,"minecraft:pointed_dripstone":50,"minecraft:golden_chestplate":2,"minecraft:rotten_flesh":118,"minecraft:white_terracotta":60,"minecraft:obsidian":2,"minecraft:cobblestone":1016,"minecraft:birch_log":4,"minecraft:pink_petals":7,"minecraft:cooked_beef":10,"minecraft:cherry_planks":58,"minecraft:water_bucket":4,"minecraft:andesite":2,"minecraft:potato":27,"minecraft:tuff":20,"minecraft:lapis_lazuli":150,"minecraft:dirt":1223,"minecraft:name_tag":4,"minecraft:bone":117,"minecraft:stonecutter":1,"minecraft:bow":10,"minecraft:wheat_seeds":63,"minecraft:raw_gold":139,"minecraft:bell":3,"minecraft:grindstone":2,"minecraft:fletching_table":2,"minecraft:diamond_helmet":1,"minecraft:stone_hoe":1,"minecraft:oak_planks":291,"minecraft:cooked_porkchop":8,"minecraft:lily_of_the_valley":1,"minecraft:mossy_cobblestone":109,"minecraft:sugar":1,"minecraft:diamond":285,"minecraft:granite":3,"minecraft:golden_apple":5,"minecraft:emerald":55,"minecraft:bread":16,"minecraft:oak_sapling":15,"minecraft:crafting_table":12,"minecraft:azure_bluet":1,"minecraft:ladder":18,"minecraft:wooden_pickaxe":1,"minecraft:gold_block":3,"minecraft:shield":1,"minecraft:oak_trapdoor":22,"minecraft:flint_and_steel":2,"minecraft:beef":18,"minecraft:poppy":3,"minecraft:sugar_cane":16,"minecraft:lectern":2,"minecraft:chest":14,"minecraft:raw_iron":175,"minecraft:stone":8,"minecraft:oak_door":10,"minecraft:white_dye":1,"minecraft:carrot":83,"minecraft:redstone":15,"minecraft:arrow":32,"minecraft:diamond_chestplate":1,"minecraft:beetroot_seeds":3,"minecraft:diamond_boots":2,"minecraft:gold_ingot":30,"minecraft:mutton":6,"minecraft:white_wool":6,"minecraft:oxeye_daisy":2,"minecraft:stripped_oak_log":24,"minecraft:glow_ink_sac":36,"minecraft:leather":28,"minecraft:birch_planks":16,"minecraft:oak_log":197,"minecraft:gunpowder":133,"minecraft:yellow_bed":1,"minecraft:cobblestone_wall":4,"minecraft:cobblestone_stairs":44,"minecraft:blue_bed":5,"minecraft:white_banner":12,"minecraft:cooked_mutton":10,"minecraft:iron_ingot":115,"minecraft:stone_pickaxe":3,"minecraft:iron_sword":1,"minecraft:book":40,"minecraft:oak_slab":5,"minecraft:dandelion":6,"minecraft:dripstone_block":24,"minecraft:amethyst_shard":12,"minecraft:white_bed":14,"minecraft:spider_eye":7,"minecraft:slime_ball":16,"minecraft:stone_axe":2,"minecraft:iron_helmet":3,"minecraft:gray_wool":1,"minecraft:coal":194},"minecraft:killed_by":{"minecraft:creeper":1,"minecraft:drowned":1,"minecraft:zombie":1,"minecraft:player":5},"minecraft:used":{"minecraft:ladder":2,"minecraft:oak_sign":1,"minecraft:chest":12,"minecraft:shield":72,"minecraft:stone":1,"minecraft:iron_sword":251,"minecraft:bell":3,"minecraft:iron_chestplate":1,"minecraft:carrot":83,"minecraft:tuff":16,"minecraft:lava_bucket":45,"minecraft:iron_helmet":1,"minecraft:bow":15,"minecraft:furnace":13,"minecraft:beetroot_seeds":3,"minecraft:potato":27,"minecraft:stone_pickaxe":50,"minecraft:wooden_pickaxe":3,"minecraft:blue_bed":1,"minecraft:bread":7,"minecraft:grindstone":1,"minecraft:oak_trapdoor":10,"minecraft:flint_and_steel":70,"minecraft:stone_shovel":917,"minecraft:stone_hoe":316,"minecraft:torch":206,"minecraft:dirt":626,"minecraft:golden_shovel":81,"minecraft:granite":3,"minecraft:iron_axe":504,"minecraft:iron_boots":1,"minecraft:cooked_beef":18,"minecraft:cobbled_deepslate":188,"minecraft:iron_leggings":1,"minecraft:wheat_seeds":60,"minecraft:cooked_mutton":12,"minecraft:water_bucket":16,"minecraft:cobblestone_stairs":2,"minecraft:fletching_table":2,"minecraft:stonecutter":1,"minecraft:mossy_cobblestone":5,"minecraft:oak_slab":93,"minecraft:crafting_table":11,"minecraft:white_bed":14,"minecraft:oak_log":1,"minecraft:diamond_pickaxe":1009,"minecraft:iron_pickaxe":741,"minecraft:stone_axe":72,"minecraft:cobblestone":372,"minecraft:cooked_porkchop":36,"minecraft:white_banner":2,"minecraft:porkchop":11,"minecraft:bucket":63,"minecraft:yellow_bed":1},"minecraft:custom":{"minecraft:interact_with_crafting_table":55,"minecraft:bell_ring":43,"minecraft:leave_game":6,"minecraft:time_since_death":213342,"minecraft:sprint_one_cm":954330,"minecraft:damage_blocked_by_shield":3150,"minecraft:drop":85,"minecraft:talked_to_villager":9,"minecraft:play_time":400515,"minecraft:deaths":9,"minecraft:jump":7705,"minecraft:walk_on_water_one_cm":47844,"minecraft:interact_with_furnace":143,"minecraft:traded_with_villager":1,"minecraft:sleep_in_bed":13,"minecraft:damage_dealt":23321,"minecraft:player_kills":2,"minecraft:crouch_one_cm":87964,"minecraft:mob_kills":147,"minecraft:climb_one_cm":11187,"minecraft:walk_one_cm":808350,"minecraft:sneak_time":24302,"minecraft:walk_under_water_one_cm":24679,"minecraft:total_world_time":400515,"minecraft:interact_with_stonecutter":3,"minecraft:time_since_rest":37201,"minecraft:damage_taken":7394,"minecraft:swim_one_cm":117333,"minecraft:fly_one_cm":1386978,"minecraft:open_chest":148,"minecraft:fall_one_cm":207536},"minecraft:dropped":{"minecraft:lapis_lazuli":6,"minecraft:diamond":1,"minecraft:crafting_table":1,"minecraft:cooked_porkchop":16,"minecraft:emerald":39,"minecraft:dirt":3,"minecraft:sugar":1,"minecraft:stone_axe":1,"minecraft:golden_chestplate":1,"minecraft:cobbled_deepslate":88,"minecraft:wheat":1,"minecraft:pointed_dripstone":10,"minecraft:beetroot":1,"minecraft:rotten_flesh":42,"minecraft:grindstone":1,"minecraft:cooked_mutton":10,"minecraft:azure_bluet":1,"minecraft:poppy":1,"minecraft:beetroot_seeds":4,"minecraft:lectern":2,"minecraft:enchanted_book":3,"minecraft:iron_ingot":12,"minecraft:wheat_seeds":1,"minecraft:dripstone_block":4,"minecraft:cobblestone":35,"minecraft:book":39,"minecraft:apple":1,"minecraft:coal":14,"minecraft:golden_apple":1,"minecraft:stick":12,"minecraft:gray_wool":1,"minecraft:diorite":3,"minecraft:wooden_axe":1,"minecraft:iron_leggings":1,"minecraft:pink_petals":7,"minecraft:dandelion":4,"minecraft:redstone":5,"minecraft:tuff":3,"minecraft:iron_boots":2,"minecraft:shield":1,"minecraft:andesite":2,"minecraft:wooden_shovel":1,"minecraft:spider_eye":3,"minecraft:diamond_boots":1,"minecraft:bow":2,"minecraft:stone_pickaxe":2,"minecraft:wooden_pickaxe":1}},"DataVersion":3953}