{"stats":{"minecraft:mined":{"minecraft:iron_ore":4,"minecraft:birch_log":1,"minecraft:crafting_table":1,"minecraft:short_grass":1,"minecraft:coal_ore":29,"minecraft:oak_log":9,"minecraft:stone":20},"minecraft:picked_up":{"minecraft:birch_log":4,"minecraft:raw_iron":4,"minecraft:stick":10,"minecraft:crafting_table":3,"minecraft:birch_planks":16,"minecraft:porkchop":2,"minecraft:oak_log":15,"minecraft:spider_eye":1,"minecraft:dirt":27,"minecraft:bone":1,"minecraft:rotten_flesh":4,"minecraft:stone_axe":1,"minecraft:stone_pickaxe":1,"minecraft:gray_wool":1,"minecraft:oak_sapling":6,"minecraft:mutton":2,"minecraft:oak_planks":9,"minecraft:coal":28,"minecraft:white_wool":1,"minecraft:cobblestone":35},"minecraft:killed_by":{"minecraft:player":5,"minecraft:drowned":1,"minecraft:zombie":1},"minecraft:used":{"minecraft:stone_pickaxe":50,"minecraft:wooden_pickaxe":3,"minecraft:stone_axe":12,"minecraft:crafting_table":1,"minecraft:furnace":1,"minecraft:porkchop":2},"minecraft:dropped":{"minecraft:gray_wool":1,"minecraft:cobblestone":8,"minecraft:coal":14},"minecraft:crafted":{"minecraft:oak_planks":12,"minecraft:crafting_table":1,"minecraft:stick":16,"minecraft:wooden_pickaxe":1,"minecraft:stone_pickaxe":1,"minecraft:furnace":1,"minecraft:birch_planks":12,"minecraft:stone_axe":1},"minecraft:killed":{"minecraft:sheep":2,"minecraft:pig":1,"minecraft:zombie":3,"minecraft:spider":1},"minecraft:custom":{"minecraft:time_since_rest":697,"minecraft:interact_with_furnace":1,"minecraft:sprint_one_cm":49340,"minecraft:damage_taken":1828,"minecraft:walk_one_cm":47786,"minecraft:mob_kills":7,"minecraft:drop":3,"minecraft:damage_dealt":1230,"minecraft:swim_one_cm":15539,"minecraft:player_kills":1,"minecraft:interact_with_crafting_table":5,"minecraft:fly_one_cm":97884,"minecraft:crouch_one_cm":47,"minecraft:play_time":16873,"minecraft:deaths":7,"minecraft:sneak_time":181,"minecraft:walk_under_water_one_cm":4012,"minecraft:jump":475,"minecraft:leave_game":1,"minecraft:walk_on_water_one_cm":1303,"minecraft:time_since_death":662,"minecraft:total_world_time":16873,"minecraft:fall_one_cm":10751}},"DataVersion":3953}