{"stats":{"minecraft:mined":{"minecraft:crafting_table":5,"minecraft:torch":2,"minecraft:short_grass":5,"minecraft:chest":2,"minecraft:sugar_cane":1,"minecraft:pink_petals":4,"minecraft:furnace":3,"minecraft:birch_log":1,"minecraft:iron_ore":11,"minecraft:oak_log":9,"minecraft:coal_ore":90,"minecraft:stone":22},"minecraft:picked_up":{"minecraft:wooden_axe":1,"minecraft:birch_log":4,"minecraft:pink_petals":7,"minecraft:crafting_table":7,"minecraft:leather":5,"minecraft:wooden_pickaxe":1,"minecraft:birch_planks":16,"minecraft:oak_log":21,"minecraft:gunpowder":3,"minecraft:dirt":36,"minecraft:bone":10,"minecraft:wheat_seeds":1,"minecraft:beef":10,"minecraft:stone_pickaxe":2,"minecraft:wooden_shovel":1,"minecraft:sugar_cane":4,"minecraft:chest":2,"minecraft:oak_planks":13,"minecraft:furnace":3,"minecraft:stick":20,"minecraft:raw_iron":15,"minecraft:cooked_porkchop":4,"minecraft:torch":2,"minecraft:porkchop":33,"minecraft:spider_eye":1,"minecraft:rotten_flesh":13,"minecraft:stone_axe":2,"minecraft:gray_wool":1,"minecraft:bread":1,"minecraft:oak_sapling":6,"minecraft:mutton":6,"minecraft:coal":145,"minecraft:white_wool":4,"minecraft:cobblestone":37},"minecraft:killed_by":{"minecraft:player":5,"minecraft:zombie":1,"minecraft:drowned":1},"minecraft:used":{"minecraft:cooked_mutton":1,"minecraft:stone_pickaxe":50,"minecraft:wooden_pickaxe":3,"minecraft:torch":16,"minecraft:dirt":5,"minecraft:crafting_table":4,"minecraft:iron_pickaxe":73,"minecraft:stone_axe":56,"minecraft:cooked_porkchop":3,"minecraft:furnace":3,"minecraft:porkchop":2},"minecraft:dropped":{"minecraft:wheat_seeds":1,"minecraft:crafting_table":1,"minecraft:cooked_porkchop":8,"minecraft:cobblestone":9,"minecraft:coal":14,"minecraft:stick":8,"minecraft:gray_wool":1,"minecraft:shield":1,"minecraft:wooden_axe":1,"minecraft:wooden_shovel":1,"minecraft:wooden_pickaxe":1,"minecraft:pink_petals":7},"minecraft:killed":{"minecraft:pig":14,"minecraft:spider":1,"minecraft:creeper":1,"minecraft:skeleton":2,"minecraft:sheep":5,"minecraft:zombie":3,"minecraft:cow":5},"minecraft:crafted":{"minecraft:oak_planks":36,"minecraft:cooked_porkchop":18,"minecraft:crafting_table":2,"minecraft:wooden_pickaxe":1,"minecraft:furnace":1,"minecraft:birch_planks":12,"minecraft:stone_axe":1,"minecraft:cooked_mutton":2,"minecraft:air":0,"minecraft:shield":2,"minecraft:stick":20,"minecraft:iron_ingot":11,"minecraft:iron_pickaxe":1,"minecraft:stone_pickaxe":1,"minecraft:torch":16},"minecraft:custom":{"minecraft:interact_with_furnace":35,"minecraft:mob_kills":31,"minecraft:interact_with_crafting_table":14,"minecraft:leave_game":1,"minecraft:time_since_death":24662,"minecraft:time_since_rest":24697,"minecraft:sprint_one_cm":124136,"minecraft:damage_taken":2008,"minecraft:walk_one_cm":86026,"minecraft:drop":21,"minecraft:damage_dealt":3721,"minecraft:fly_one_cm":237633,"minecraft:player_kills":1,"minecraft:swim_one_cm":21177,"minecraft:open_chest":2,"minecraft:crouch_one_cm":529,"minecraft:play_time":40873,"minecraft:deaths":7,"minecraft:sneak_time":404,"minecraft:walk_under_water_one_cm":4353,"minecraft:jump":1120,"minecraft:walk_on_water_one_cm":1902,"minecraft:total_world_time":40873,"minecraft:fall_one_cm":31280}},"DataVersion":3953}