{"stats":{"minecraft:killed":{"minecraft:armadillo":1,"minecraft:witch":1,"minecraft:spider":14,"minecraft:slime":10,"minecraft:skeleton":24,"minecraft:pig":24,"minecraft:bat":1,"minecraft:creeper":2,"minecraft:sheep":5,"minecraft:zombie":45,"minecraft:glow_squid":1,"minecraft:cow":9},"minecraft:mined":{"minecraft:diamond_ore":7,"minecraft:tuff":20,"minecraft:spruce_planks":45,"minecraft:white_bed":13,"minecraft:mossy_cobblestone":56,"minecraft:deepslate_diamond_ore":57,"minecraft:oak_door":3,"minecraft:cobblestone_stairs":23,"minecraft:cherry_log":1,"minecraft:granite":3,"minecraft:grass_block":640,"minecraft:composter":1,"minecraft:oak_wall_sign":1,"minecraft:oxeye_daisy":1,"minecraft:oak_trapdoor":13,"minecraft:furnace":12,"minecraft:carrots":17,"minecraft:iron_ore":61,"minecraft:fire":1,"minecraft:cobbled_deepslate":349,"minecraft:andesite":2,"minecraft:deepslate_lapis_ore":16,"minecraft:fletching_table":2,"minecraft:azure_bluet":1,"minecraft:gold_block":3,"minecraft:bell":1,"minecraft:sculk_shrieker":1,"minecraft:potatoes":3,"minecraft:pointed_dripstone":2,"minecraft:oak_sign":1,"minecraft:deepslate_iron_ore":50,"minecraft:cobblestone_slab":2,"minecraft:dirt_path":46,"minecraft:oak_stairs":60,"minecraft:stripped_oak_log":16,"minecraft:stone":83,"minecraft:white_wool":1,"minecraft:oak_slab":3,"minecraft:glass_pane":12,"minecraft:cherry_planks":27,"minecraft:lily_of_the_valley":1,"minecraft:amethyst_cluster":1,"minecraft:dandelion":1,"minecraft:oak_fence":8,"minecraft:crafting_table":9,"minecraft:torch":9,"minecraft:short_grass":20,"minecraft:poppy":2,"minecraft:chest":6,"minecraft:white_stained_glass_pane":10,"minecraft:sculk_sensor":2,"minecraft:cobblestone":600,"minecraft:tall_grass":13,"minecraft:lapis_ore":7,"minecraft:deepslate_gold_ore":34,"minecraft:grindstone":1,"minecraft:sugar_cane":1,"minecraft:oak_planks":148,"minecraft:sculk":1,"minecraft:diorite":7,"minecraft:blue_bed":1,"minecraft:wall_torch":8,"minecraft:pink_petals":4,"minecraft:white_terracotta":31,"minecraft:cobblestone_wall":2,"minecraft:birch_log":1,"minecraft:wheat":10,"minecraft:white_wall_banner":2,"minecraft:yellow_bed":1,"minecraft:yellow_stained_glass_pane":10,"minecraft:coal_ore":105,"minecraft:oak_log":101,"minecraft:beetroots":1,"minecraft:dripstone_block":4,"minecraft:dirt":364,"minecraft:gold_ore":6,"minecraft:oak_leaves":3,"minecraft:deepslate":196},"minecraft:crafted":{"minecraft:cherry_planks":4,"minecraft:oak_planks":148,"minecraft:stone_shovel":8,"minecraft:oak_sign":3,"minecraft:furnace":1,"minecraft:stone":12,"minecraft:cooked_mutton":25,"minecraft:oak_trapdoor":6,"minecraft:iron_boots":1,"minecraft:iron_axe":3,"minecraft:stone_pickaxe":1,"minecraft:chest":4,"minecraft:stone_hoe":3,"minecraft:cooked_beef":18,"minecraft:oak_slab":102,"minecraft:cooked_porkchop":44,"minecraft:crafting_table":6,"minecraft:iron_helmet":1,"minecraft:wooden_pickaxe":1,"minecraft:iron_sword":1,"minecraft:birch_planks":12,"minecraft:bucket":1,"minecraft:stone_axe":1,"minecraft:enchanted_book":1,"minecraft:air":0,"minecraft:iron_chestplate":1,"minecraft:diamond_pickaxe":1,"minecraft:shield":3,"minecraft:white_dye":1,"minecraft:stick":124,"minecraft:iron_pickaxe":3,"minecraft:iron_ingot":65,"minecraft:gold_ingot":7,"minecraft:iron_leggings":1,"minecraft:stonecutter":1,"minecraft:white_bed":1,"minecraft:torch":160,"minecraft:lapis_block":16},"minecraft:broken":{"minecraft:golden_shovel":1,"minecraft:flint_and_steel":1,"minecraft:stone_hoe":1,"minecraft:shield":1,"minecraft:iron_axe":2,"minecraft:iron_sword":1,"minecraft:iron_pickaxe":3,"minecraft:stone_shovel":6},"minecraft:picked_up":{"minecraft:wooden_axe":1,"minecraft:iron_chestplate":2,"minecraft:crafting_table":11,"minecraft:wheat":9,"minecraft:azure_bluet":1,"minecraft:ladder":10,"minecraft:wooden_pickaxe":1,"minecraft:oak_stairs":60,"minecraft:gold_block":3,"minecraft:enchanted_book":5,"minecraft:shield":1,"minecraft:lapis_block":32,"minecraft:string":70,"minecraft:oak_trapdoor":13,"minecraft:flint_and_steel":1,"minecraft:iron_leggings":2,"minecraft:oak_sign":3,"minecraft:beetroot":1,"minecraft:diamond_leggings":1,"minecraft:cobbled_deepslate":573,"minecraft:bucket":1,"minecraft:spruce_planks":45,"minecraft:beef":18,"minecraft:cobblestone_slab":2,"minecraft:wooden_shovel":1,"minecraft:poppy":2,"minecraft:iron_pickaxe":2,"minecraft:enchanted_golden_apple":1,"minecraft:lectern":2,"minecraft:sugar_cane":12,"minecraft:chest":10,"minecraft:iron_boots":3,"minecraft:furnace":17,"minecraft:stick":23,"minecraft:raw_iron":153,"minecraft:oak_door":5,"minecraft:composter":1,"minecraft:oak_fence":8,"minecraft:torch":51,"minecraft:porkchop":55,"minecraft:cherry_log":1,"minecraft:pointed_dripstone":40,"minecraft:diorite":7,"minecraft:carrot":68,"minecraft:redstone":15,"minecraft:golden_chestplate":1,"minecraft:diamond_chestplate":1,"minecraft:rotten_flesh":111,"minecraft:arrow":30,"minecraft:beetroot_seeds":3,"minecraft:diamond_boots":2,"minecraft:gold_ingot":22,"minecraft:white_terracotta":30,"minecraft:mutton":6,"minecraft:white_wool":5,"minecraft:cobblestone":707,"minecraft:oxeye_daisy":1,"minecraft:stripped_oak_log":16,"minecraft:birch_log":4,"minecraft:pink_petals":7,"minecraft:cooked_beef":10,"minecraft:cherry_planks":27,"minecraft:glow_ink_sac":27,"minecraft:water_bucket":2,"minecraft:andesite":2,"minecraft:leather":19,"minecraft:potato":13,"minecraft:birch_planks":16,"minecraft:tuff":20,"minecraft:oak_log":110,"minecraft:cobblestone_wall":2,"minecraft:yellow_bed":1,"minecraft:gunpowder":100,"minecraft:cobblestone_stairs":23,"minecraft:lapis_lazuli":150,"minecraft:dirt":1092,"minecraft:blue_bed":4,"minecraft:white_banner":7,"minecraft:name_tag":3,"minecraft:cooked_mutton":10,"minecraft:bone":83,"minecraft:bow":8,"minecraft:wheat_seeds":29,"minecraft:raw_gold":106,"minecraft:bell":3,"minecraft:stone_pickaxe":3,"minecraft:grindstone":2,"minecraft:iron_ingot":86,"minecraft:diamond_helmet":1,"minecraft:fletching_table":2,"minecraft:oak_planks":188,"minecraft:iron_sword":1,"minecraft:book":40,"minecraft:oak_slab":5,"minecraft:cooked_porkchop":8,"minecraft:dandelion":5,"minecraft:dripstone_block":20,"minecraft:amethyst_shard":12,"minecraft:white_bed":14,"minecraft:lily_of_the_valley":1,"minecraft:spider_eye":6,"minecraft:mossy_cobblestone":55,"minecraft:sugar":1,"minecraft:slime_ball":12,"minecraft:diamond":221,"minecraft:stone_axe":2,"minecraft:iron_helmet":2,"minecraft:granite":3,"minecraft:golden_apple":5,"minecraft:gray_wool":1,"minecraft:bread":1,"minecraft:emerald":55,"minecraft:oak_sapling":9,"minecraft:coal":184},"minecraft:killed_by":{"minecraft:player":5,"minecraft:creeper":1,"minecraft:drowned":1,"minecraft:zombie":1},"minecraft:used":{"minecraft:oak_trapdoor":10,"minecraft:flint_and_steel":70,"minecraft:ladder":2,"minecraft:stone_shovel":917,"minecraft:oak_sign":1,"minecraft:chest":8,"minecraft:shield":71,"minecraft:stone":1,"minecraft:iron_sword":251,"minecraft:bell":3,"minecraft:stone_hoe":316,"minecraft:iron_chestplate":1,"minecraft:torch":206,"minecraft:dirt":613,"minecraft:carrot":50,"minecraft:tuff":16,"minecraft:golden_shovel":81,"minecraft:granite":3,"minecraft:lava_bucket":45,"minecraft:iron_axe":463,"minecraft:iron_helmet":1,"minecraft:iron_boots":1,"minecraft:bow":15,"minecraft:furnace":13,"minecraft:beetroot_seeds":3,"minecraft:cooked_beef":17,"minecraft:cobbled_deepslate":188,"minecraft:iron_leggings":1,"minecraft:cooked_mutton":12,"minecraft:water_bucket":16,"minecraft:cobblestone_stairs":2,"minecraft:stone_pickaxe":50,"minecraft:fletching_table":2,"minecraft:wooden_pickaxe":3,"minecraft:stonecutter":1,"minecraft:blue_bed":1,"minecraft:mossy_cobblestone":5,"minecraft:oak_slab":93,"minecraft:crafting_table":11,"minecraft:white_bed":14,"minecraft:diamond_pickaxe":1003,"minecraft:bread":4,"minecraft:iron_pickaxe":741,"minecraft:stone_axe":72,"minecraft:cobblestone":372,"minecraft:white_banner":2,"minecraft:grindstone":1,"minecraft:cooked_porkchop":36,"minecraft:porkchop":11,"minecraft:bucket":61,"minecraft:yellow_bed":1},"minecraft:custom":{"minecraft:mob_kills":143,"minecraft:interact_with_crafting_table":54,"minecraft:bell_ring":43,"minecraft:leave_game":5,"minecraft:time_since_death":200678,"minecraft:climb_one_cm":9896,"minecraft:sprint_one_cm":904090,"minecraft:walk_one_cm":771828,"minecraft:damage_blocked_by_shield":3100,"minecraft:drop":81,"minecraft:talked_to_villager":9,"minecraft:deaths":9,"minecraft:sneak_time":24131,"minecraft:play_time":387851,"minecraft:walk_under_water_one_cm":24679,"minecraft:jump":7454,"minecraft:walk_on_water_one_cm":47199,"minecraft:total_world_time":387851,"minecraft:interact_with_furnace":143,"minecraft:traded_with_villager":1,"minecraft:interact_with_stonecutter":3,"minecraft:sleep_in_bed":13,"minecraft:time_since_rest":24537,"minecraft:damage_taken":7198,"minecraft:damage_dealt":22560,"minecraft:swim_one_cm":117333,"minecraft:fly_one_cm":1332548,"minecraft:player_kills":2,"minecraft:open_chest":132,"minecraft:crouch_one_cm":87565,"minecraft:fall_one_cm":200226},"minecraft:dropped":{"minecraft:enchanted_book":3,"minecraft:iron_ingot":12,"minecraft:wheat_seeds":1,"minecraft:lapis_lazuli":6,"minecraft:diamond":1,"minecraft:dripstone_block":4,"minecraft:crafting_table":1,"minecraft:cooked_porkchop":16,"minecraft:cobblestone":35,"minecraft:book":39,"minecraft:apple":1,"minecraft:golden_apple":1,"minecraft:coal":14,"minecraft:stick":12,"minecraft:emerald":39,"minecraft:dirt":3,"minecraft:gray_wool":1,"minecraft:diorite":3,"minecraft:wooden_axe":1,"minecraft:iron_leggings":1,"minecraft:sugar":1,"minecraft:pink_petals":7,"minecraft:redstone":5,"minecraft:stone_axe":1,"minecraft:golden_chestplate":1,"minecraft:cobbled_deepslate":88,"minecraft:wheat":1,"minecraft:tuff":3,"minecraft:pointed_dripstone":10,"minecraft:beetroot":1,"minecraft:grindstone":1,"minecraft:rotten_flesh":40,"minecraft:iron_boots":2,"minecraft:cooked_mutton":10,"minecraft:shield":1,"minecraft:andesite":2,"minecraft:beetroot_seeds":4,"minecraft:wooden_shovel":1,"minecraft:spider_eye":3,"minecraft:diamond_boots":1,"minecraft:bow":2,"minecraft:wooden_pickaxe":1,"minecraft:stone_pickaxe":2,"minecraft:lectern":2}},"DataVersion":3953}