{"stats":{"minecraft:mined":{"minecraft:crafting_table":5,"minecraft:torch":2,"minecraft:short_grass":5,"minecraft:chest":2,"minecraft:deepslate_gold_ore":1,"minecraft:sugar_cane":1,"minecraft:pink_petals":4,"minecraft:furnace":3,"minecraft:birch_log":1,"minecraft:iron_ore":39,"minecraft:andesite":2,"minecraft:oak_log":13,"minecraft:coal_ore":90,"minecraft:dirt":1,"minecraft:stone":23,"minecraft:gold_ore":6,"minecraft:oak_leaves":2},"minecraft:picked_up":{"minecraft:wooden_axe":1,"minecraft:birch_log":4,"minecraft:pink_petals":7,"minecraft:crafting_table":7,"minecraft:andesite":2,"minecraft:leather":5,"minecraft:wooden_pickaxe":1,"minecraft:birch_planks":16,"minecraft:oak_log":25,"minecraft:gunpowder":3,"minecraft:dirt":37,"minecraft:cooked_mutton":10,"minecraft:bone":10,"minecraft:wheat_seeds":1,"minecraft:raw_gold":7,"minecraft:beef":10,"minecraft:stone_pickaxe":2,"minecraft:wooden_shovel":1,"minecraft:sugar_cane":4,"minecraft:chest":2,"minecraft:oak_planks":13,"minecraft:furnace":3,"minecraft:stick":20,"minecraft:raw_iron":43,"minecraft:cooked_porkchop":4,"minecraft:torch":2,"minecraft:porkchop":33,"minecraft:spider_eye":1,"minecraft:rotten_flesh":13,"minecraft:stone_axe":2,"minecraft:gray_wool":1,"minecraft:bread":1,"minecraft:oak_sapling":6,"minecraft:mutton":6,"minecraft:coal":145,"minecraft:white_wool":4,"minecraft:cobblestone":39},"minecraft:killed_by":{"minecraft:player":5,"minecraft:zombie":1,"minecraft:drowned":1},"minecraft:used":{"minecraft:cooked_mutton":2,"minecraft:stone_pickaxe":50,"minecraft:wooden_pickaxe":3,"minecraft:torch":40,"minecraft:dirt":7,"minecraft:crafting_table":4,"minecraft:white_bed":1,"minecraft:iron_pickaxe":112,"minecraft:stone_axe":68,"minecraft:cooked_porkchop":5,"minecraft:furnace":4,"minecraft:porkchop":2},"minecraft:dropped":{"minecraft:iron_ingot":12,"minecraft:wheat_seeds":1,"minecraft:crafting_table":1,"minecraft:cooked_porkchop":10,"minecraft:cobblestone":9,"minecraft:cooked_mutton":10,"minecraft:coal":14,"minecraft:stick":8,"minecraft:gray_wool":1,"minecraft:shield":1,"minecraft:wooden_axe":1,"minecraft:wooden_shovel":1,"minecraft:wooden_pickaxe":1,"minecraft:pink_petals":7},"minecraft:killed":{"minecraft:pig":14,"minecraft:spider":2,"minecraft:creeper":1,"minecraft:skeleton":2,"minecraft:sheep":5,"minecraft:zombie":4,"minecraft:cow":5},"minecraft:crafted":{"minecraft:oak_planks":36,"minecraft:cooked_porkchop":18,"minecraft:crafting_table":2,"minecraft:wooden_pickaxe":1,"minecraft:furnace":1,"minecraft:birch_planks":12,"minecraft:stone_axe":1,"minecraft:cooked_mutton":21,"minecraft:air":0,"minecraft:iron_chestplate":1,"minecraft:shield":2,"minecraft:stick":28,"minecraft:iron_ingot":39,"minecraft:iron_pickaxe":1,"minecraft:stone_pickaxe":1,"minecraft:white_bed":1,"minecraft:torch":48},"minecraft:custom":{"minecraft:interact_with_furnace":54,"minecraft:mob_kills":33,"minecraft:interact_with_crafting_table":16,"minecraft:leave_game":1,"minecraft:time_since_death":36662,"minecraft:sleep_in_bed":1,"minecraft:time_since_rest":1730,"minecraft:sprint_one_cm":139538,"minecraft:damage_taken":2288,"minecraft:walk_one_cm":108646,"minecraft:drop":25,"minecraft:damage_dealt":4121,"minecraft:fly_one_cm":249004,"minecraft:player_kills":1,"minecraft:swim_one_cm":21177,"minecraft:open_chest":2,"minecraft:crouch_one_cm":1386,"minecraft:play_time":52873,"minecraft:deaths":7,"minecraft:sneak_time":915,"minecraft:walk_under_water_one_cm":4353,"minecraft:jump":1250,"minecraft:walk_on_water_one_cm":1902,"minecraft:total_world_time":52873,"minecraft:fall_one_cm":35836}},"DataVersion":3953}