{"stats":{"minecraft:crafted":{"minecraft:oak_planks":40,"minecraft:crafting_table":1,"minecraft:wooden_pickaxe":1,"minecraft:furnace":2,"minecraft:stone_axe":1,"minecraft:cooked_mutton":8,"minecraft:air":0,"minecraft:oak_boat":1,"minecraft:shield":1,"minecraft:stick":8,"minecraft:iron_ingot":5,"minecraft:stone_pickaxe":1,"minecraft:white_bed":2},"minecraft:killed_by":{"minecraft:skeleton":1},"minecraft:killed":{"minecraft:skeleton":3,"minecraft:sheep":6,"minecraft:zombie":7,"minecraft:enderman":1},"minecraft:dropped":{"minecraft:ender_pearl":1,"minecraft:cobblestone":12,"minecraft:jungle_planks":7,"minecraft:white_bed":1,"minecraft:stick":15,"minecraft:wooden_axe":1,"minecraft:melon_slice":12,"minecraft:oak_sapling":2,"minecraft:jungle_sign":1},"minecraft:custom":{"minecraft:interact_with_furnace":16,"minecraft:mob_kills":18,"minecraft:interact_with_crafting_table":8,"minecraft:leave_game":1,"minecraft:time_since_death":7509,"minecraft:sleep_in_bed":1,"minecraft:climb_one_cm":1455,"minecraft:time_since_rest":7534,"minecraft:sprint_one_cm":78201,"minecraft:damage_taken":979,"minecraft:walk_one_cm":64294,"minecraft:damage_blocked_by_shield":50,"minecraft:drop":21,"minecraft:damage_dealt":3181,"minecraft:swim_one_cm":6045,"minecraft:fly_one_cm":122248,"minecraft:player_kills":2,"minecraft:open_chest":2,"minecraft:crouch_one_cm":3822,"minecraft:deaths":1,"minecraft:play_time":31239,"minecraft:sneak_time":1297,"minecraft:walk_under_water_one_cm":444,"minecraft:jump":782,"minecraft:walk_on_water_one_cm":1307,"minecraft:total_world_time":31239,"minecraft:fall_one_cm":25109},"minecraft:used":{"minecraft:cooked_mutton":4,"minecraft:stone_pickaxe":45,"minecraft:ender_pearl":1,"minecraft:wooden_pickaxe":12,"minecraft:shield":2,"minecraft:dirt":15,"minecraft:crafting_table":3,"minecraft:white_bed":2,"minecraft:wooden_axe":3,"minecraft:apple":2,"minecraft:melon_slice":24,"minecraft:stone_axe":62,"minecraft:golden_sword":16,"minecraft:cobblestone":4,"minecraft:furnace":2,"minecraft:oak_boat":1},"minecraft:picked_up":{"minecraft:wooden_axe":2,"minecraft:crafting_table":3,"minecraft:wooden_pickaxe":1,"minecraft:oak_log":10,"minecraft:dirt":16,"minecraft:bone":4,"minecraft:apple":2,"minecraft:wheat_seeds":4,"minecraft:oak_boat":1,"minecraft:melon_slice":76,"minecraft:furnace":2,"minecraft:stick":35,"minecraft:raw_iron":5,"minecraft:jungle_planks":14,"minecraft:white_bed":3,"minecraft:jungle_sign":2,"minecraft:rotten_flesh":4,"minecraft:arrow":5,"minecraft:oak_sapling":4,"minecraft:mutton":8,"minecraft:coal":13,"minecraft:white_wool":6,"minecraft:cobblestone":50,"minecraft:ender_pearl":2},"minecraft:mined":{"minecraft:white_bed":3,"minecraft:crafting_table":3,"minecraft:short_grass":17,"minecraft:grass_block":1,"minecraft:melon":13,"minecraft:cobblestone":3,"minecraft:furnace":2,"minecraft:iron_ore":5,"minecraft:oak_log":10,"minecraft:coal_ore":12,"minecraft:vine":4,"minecraft:stone":32,"minecraft:oak_leaves":6,"minecraft:fern":2}},"DataVersion":3953}