{"stats":{"minecraft:mined":{"minecraft:short_grass":1,"minecraft:oak_log":3,"minecraft:birch_log":1},"minecraft:picked_up":{"minecraft:birch_log":3,"minecraft:rotten_flesh":2,"minecraft:porkchop":2,"minecraft:oak_log":3,"minecraft:oak_sapling":2},"minecraft:killed_by":{"minecraft:player":3},"minecraft:used":{"minecraft:porkchop":2},"minecraft:crafted":{"minecraft:birch_planks":8},"minecraft:killed":{"minecraft:zombie":3,"minecraft:pig":1},"minecraft:custom":{"minecraft:time_since_rest":1720,"minecraft:play_time":4894,"minecraft:sprint_one_cm":10392,"minecraft:walk_one_cm":26258,"minecraft:damage_taken":1040,"minecraft:deaths":3,"minecraft:sneak_time":3,"minecraft:mob_kills":4,"minecraft:jump":123,"minecraft:damage_dealt":648,"minecraft:leave_game":1,"minecraft:time_since_death":1685,"minecraft:total_world_time":4894,"minecraft:fall_one_cm":1286,"minecraft:fly_one_cm":9966,"minecraft:player_kills":1}},"DataVersion":3953}