{"stats":{"minecraft:crafted":{"minecraft:chest":1,"minecraft:crafting_table":1,"minecraft:stick":16,"minecraft:jungle_sign":3,"minecraft:jungle_planks":36,"minecraft:wooden_axe":1},"minecraft:used":{"minecraft:wooden_axe":8,"minecraft:crafting_table":1,"minecraft:white_bed":1,"minecraft:chest":1},"minecraft:picked_up":{"minecraft:stick":2,"minecraft:jungle_log":9,"minecraft:white_bed":1,"minecraft:melon_slice":12,"minecraft:ender_pearl":1,"minecraft:jungle_sign":1,"minecraft:cobblestone":6},"minecraft:custom":{"minecraft:open_chest":1,"minecraft:time_since_rest":2337,"minecraft:crouch_one_cm":72,"minecraft:play_time":11957,"minecraft:sprint_one_cm":18242,"minecraft:damage_taken":215,"minecraft:walk_one_cm":14098,"minecraft:sneak_time":9,"minecraft:jump":89,"minecraft:damage_dealt":10,"minecraft:time_since_death":11957,"minecraft:sleep_in_bed":1,"minecraft:climb_one_cm":342,"minecraft:total_world_time":11957,"minecraft:fall_one_cm":2090,"minecraft:interact_with_crafting_table":4,"minecraft:fly_one_cm":10596},"minecraft:mined":{"minecraft:short_grass":1,"minecraft:vine":1,"minecraft:jungle_log":9,"minecraft:jungle_leaves":2,"minecraft:jungle_wall_sign":1}},"DataVersion":3953}