{"stats":{"minecraft:mined":{"minecraft:dandelion":2,"minecraft:cornflower":3,"minecraft:granite":1,"minecraft:short_grass":8,"minecraft:poppy":3,"minecraft:copper_ore":6,"minecraft:tall_grass":4,"minecraft:diorite":12,"minecraft:blue_bed":1,"minecraft:iron_ore":35,"minecraft:cobbled_deepslate":1,"minecraft:andesite":24,"minecraft:coal_ore":7,"minecraft:oak_log":10,"minecraft:deepslate_iron_ore":10,"minecraft:gravel":16,"minecraft:stone":58,"minecraft:oak_leaves":4,"minecraft:deepslate":6},"minecraft:picked_up":{"minecraft:pink_petals":4,"minecraft:crafting_table":1,"minecraft:andesite":24,"minecraft:wooden_pickaxe":1,"minecraft:oak_log":10,"minecraft:shield":1,"minecraft:blue_bed":1,"minecraft:cornflower":3,"minecraft:string":5,"minecraft:raw_copper":24,"minecraft:cooked_mutton":10,"minecraft:bone":2,"minecraft:apple":2,"minecraft:wheat_seeds":4,"minecraft:cobbled_deepslate":8,"minecraft:iron_ingot":16,"minecraft:poppy":3,"minecraft:wooden_shovel":1,"minecraft:light_gray_wool":2,"minecraft:stick":12,"minecraft:raw_iron":45,"minecraft:cooked_porkchop":7,"minecraft:dandelion":2,"minecraft:gravel":32,"minecraft:porkchop":1,"minecraft:diorite":12,"minecraft:rotten_flesh":10,"minecraft:granite":1,"minecraft:oak_sapling":1,"minecraft:mutton":29,"minecraft:coal":27,"minecraft:white_wool":20,"minecraft:cobblestone":66},"minecraft:broken":{"minecraft:stone_pickaxe":1},"minecraft:killed_by":{"minecraft:player":1,"minecraft:skeleton":1},"minecraft:used":{"minecraft:cooked_mutton":3,"minecraft:stone_sword":98,"minecraft:stone_pickaxe":153,"minecraft:oak_planks":8,"minecraft:wooden_pickaxe":27,"minecraft:shield":3,"minecraft:blue_bed":2,"minecraft:wooden_shovel":9,"minecraft:crafting_table":5,"minecraft:apple":1,"minecraft:furnace":4,"minecraft:porkchop":1,"minecraft:cooked_porkchop":6,"minecraft:cobbled_deepslate":5},"minecraft:dropped":{"minecraft:iron_ingot":4,"minecraft:cooked_mutton":10,"minecraft:coal":20},"minecraft:killed":{"minecraft:pig":1,"minecraft:spider":1,"minecraft:bat":1,"minecraft:skeleton":1,"minecraft:sheep":22,"minecraft:zombie":2},"minecraft:crafted":{"minecraft:oak_planks":40,"minecraft:wooden_shovel":1,"minecraft:crafting_table":4,"minecraft:wooden_pickaxe":1,"minecraft:furnace":4,"minecraft:blue_bed":1,"minecraft:cooked_mutton":10,"minecraft:blue_dye":3,"minecraft:stick":8,"minecraft:stone_pickaxe":2,"minecraft:stone_sword":1,"minecraft:blue_wool":3},"minecraft:custom":{"minecraft:interact_with_furnace":11,"minecraft:mob_kills":28,"minecraft:interact_with_crafting_table":7,"minecraft:leave_game":8,"minecraft:time_since_death":67481,"minecraft:sleep_in_bed":2,"minecraft:time_since_rest":18233,"minecraft:sprint_one_cm":175165,"minecraft:damage_taken":1041,"minecraft:walk_one_cm":144055,"minecraft:damage_blocked_by_shield":120,"minecraft:drop":34,"minecraft:damage_dealt":2767,"minecraft:swim_one_cm":15041,"minecraft:fly_one_cm":179190,"minecraft:crouch_one_cm":2933,"minecraft:play_time":84043,"minecraft:deaths":2,"minecraft:sneak_time":1269,"minecraft:walk_under_water_one_cm":2339,"minecraft:jump":1099,"minecraft:walk_on_water_one_cm":1872,"minecraft:total_world_time":84043,"minecraft:fall_one_cm":25571}},"DataVersion":3953}