{"stats":{"minecraft:crafted":{"minecraft:chest":1,"minecraft:oak_planks":20,"minecraft:oak_sign":3,"minecraft:crafting_table":1},"minecraft:used":{"minecraft:crafting_table":1,"minecraft:oak_sign":2,"minecraft:chest":1},"minecraft:dropped":{"minecraft:oak_log":1,"minecraft:mutton":2,"minecraft:bone":2},"minecraft:custom":{"minecraft:open_chest":2,"minecraft:time_since_rest":1534,"minecraft:damage_taken":786,"minecraft:walk_one_cm":70561,"minecraft:crouch_one_cm":1428,"minecraft:sprint_one_cm":104067,"minecraft:play_time":52181,"minecraft:deaths":3,"minecraft:sneak_time":999,"minecraft:drop":5,"minecraft:jump":498,"minecraft:damage_dealt":141,"minecraft:leave_game":4,"minecraft:time_since_death":1506,"minecraft:walk_on_water_one_cm":1643,"minecraft:total_world_time":52181,"minecraft:interact_with_crafting_table":4,"minecraft:fall_one_cm":11642,"minecraft:fly_one_cm":90840},"minecraft:killed_by":{"minecraft:skeleton":1,"minecraft:creeper":1,"minecraft:zombie":1},"minecraft:mined":{"minecraft:grass_block":1,"minecraft:oak_log":3,"minecraft:dirt":2,"minecraft:oak_leaves":1,"minecraft:crafting_table":1},"minecraft:picked_up":{"minecraft:crafting_table":2,"minecraft:stick":7,"minecraft:bone":6,"minecraft:arrow":2,"minecraft:oak_sign":3,"minecraft:wheat_seeds":3,"minecraft:oak_log":6,"minecraft:white_wool":3,"minecraft:mutton":8,"minecraft:oak_planks":4,"minecraft:dirt":83}},"DataVersion":3953}