{"stats":{"minecraft:killed":{"minecraft:spider":5,"minecraft:skeleton":15,"minecraft:chicken":9,"minecraft:drowned":2,"minecraft:pig":13,"minecraft:bat":1,"minecraft:creeper":3,"minecraft:sheep":34,"minecraft:zombie":17,"minecraft:enderman":2,"minecraft:cow":2},"minecraft:mined":{"minecraft:tuff":12,"minecraft:white_bed":2,"minecraft:deepslate_diamond_ore":40,"minecraft:obsidian":15,"minecraft:granite":12,"minecraft:grass_block":1,"minecraft:jungle_log":1,"minecraft:redstone_ore":8,"minecraft:furnace":2,"minecraft:iron_ore":73,"minecraft:cobbled_deepslate":4,"minecraft:andesite":48,"minecraft:pumpkin":1,"minecraft:deepslate_lapis_ore":6,"minecraft:deepslate_iron_ore":21,"minecraft:bamboo":2,"minecraft:stone":298,"minecraft:white_wool":3,"minecraft:deepslate_redstone_ore":19,"minecraft:acacia_leaves":7,"minecraft:dandelion":4,"minecraft:cornflower":3,"minecraft:crafting_table":3,"minecraft:short_grass":39,"minecraft:melon":2,"minecraft:poppy":5,"minecraft:chest":5,"minecraft:cobblestone":1,"minecraft:copper_ore":22,"minecraft:tall_grass":7,"minecraft:deepslate_gold_ore":16,"minecraft:lapis_ore":12,"minecraft:sugar_cane":7,"minecraft:diorite":16,"minecraft:blue_bed":7,"minecraft:birch_log":6,"minecraft:birch_leaves":1,"minecraft:oak_log":56,"minecraft:coal_ore":53,"minecraft:gravel":44,"minecraft:dirt":1,"minecraft:gold_ore":5,"minecraft:oak_leaves":22,"minecraft:deepslate":192,"minecraft:fern":1},"minecraft:crafted":{"minecraft:oak_planks":212,"minecraft:wolf_armor":10,"minecraft:furnace":7,"minecraft:cooked_mutton":16,"minecraft:diamond_helmet":1,"minecraft:diamond_leggings":1,"minecraft:iron_boots":1,"minecraft:iron_axe":2,"minecraft:stone_pickaxe":3,"minecraft:chest":5,"minecraft:diamond_boots":1,"minecraft:cooked_beef":5,"minecraft:red_dye":2,"minecraft:wooden_shovel":1,"minecraft:diamond_sword":1,"minecraft:crafting_table":12,"minecraft:wooden_pickaxe":2,"minecraft:iron_helmet":1,"minecraft:brush":11,"minecraft:blue_bed":2,"minecraft:copper_ingot":21,"minecraft:bucket":1,"minecraft:stone_axe":1,"minecraft:jungle_planks":4,"minecraft:blue_dye":5,"minecraft:oak_boat":2,"minecraft:oak_chest_boat":1,"minecraft:book":1,"minecraft:iron_chestplate":1,"minecraft:paper":3,"minecraft:yellow_dye":2,"minecraft:diamond_pickaxe":2,"minecraft:shield":1,"minecraft:stick":48,"minecraft:iron_ingot":47,"minecraft:iron_pickaxe":5,"minecraft:stone_sword":1,"minecraft:blue_wool":3,"minecraft:iron_leggings":1,"minecraft:white_bed":2,"minecraft:shears":1,"minecraft:diamond_chestplate":1},"minecraft:broken":{"minecraft:stone_pickaxe":1,"minecraft:brush":11,"minecraft:iron_axe":1,"minecraft:iron_pickaxe":2},"minecraft:picked_up":{"minecraft:crafting_table":4,"minecraft:chicken":11,"minecraft:wooden_pickaxe":2,"minecraft:shield":2,"minecraft:cornflower":4,"minecraft:string":16,"minecraft:raw_copper":101,"minecraft:cobbled_deepslate":291,"minecraft:beef":5,"minecraft:oak_boat":1,"minecraft:wooden_shovel":2,"minecraft:poppy":8,"minecraft:light_gray_wool":4,"minecraft:melon_slice":9,"minecraft:sugar_cane":12,"minecraft:chest":6,"minecraft:egg":1,"minecraft:furnace":2,"minecraft:raw_iron":141,"minecraft:stick":28,"minecraft:copper_ingot":19,"minecraft:porkchop":22,"minecraft:diorite":27,"minecraft:carrot":60,"minecraft:redstone":120,"minecraft:goat_horn":1,"minecraft:stone_sword":1,"minecraft:arrow":21,"minecraft:rotten_flesh":48,"minecraft:armadillo_scute":72,"minecraft:saddle":8,"minecraft:oak_chest_boat":3,"minecraft:obsidian":14,"minecraft:mutton":47,"minecraft:white_wool":48,"minecraft:cobblestone":568,"minecraft:birch_log":6,"minecraft:pink_petals":8,"minecraft:feather":18,"minecraft:jungle_log":1,"minecraft:andesite":72,"minecraft:leather":2,"minecraft:wolf_armor":1,"minecraft:flint":1,"minecraft:tuff":12,"minecraft:oak_log":57,"minecraft:gunpowder":2,"minecraft:blue_bed":8,"minecraft:lapis_lazuli":129,"minecraft:dirt":12,"minecraft:cooked_mutton":14,"minecraft:bone":24,"minecraft:apple":2,"minecraft:bow":1,"minecraft:wheat_seeds":8,"minecraft:raw_gold":21,"minecraft:iron_ingot":23,"minecraft:stone_pickaxe":1,"minecraft:bamboo":16,"minecraft:oak_planks":309,"minecraft:pumpkin":2,"minecraft:cooked_porkchop":31,"minecraft:dandelion":6,"minecraft:gravel":85,"minecraft:white_bed":2,"minecraft:grass_block":4,"minecraft:spider_eye":2,"minecraft:diamond":49,"minecraft:granite":22,"minecraft:oak_sapling":6,"minecraft:coal":138,"minecraft:ender_pearl":1},"minecraft:killed_by":{"minecraft:player":1,"minecraft:creeper":1,"minecraft:skeleton":2},"minecraft:used":{"minecraft:stone_sword":134,"minecraft:chest":9,"minecraft:shield":28,"minecraft:wooden_shovel":9,"minecraft:rotten_flesh":7,"minecraft:mutton":10,"minecraft:carrot":20,"minecraft:diamond_helmet":1,"minecraft:tuff":12,"minecraft:granite":1,"minecraft:iron_axe":159,"minecraft:iron_helmet":1,"minecraft:iron_boots":1,"minecraft:diamond_chestplate":1,"minecraft:light_gray_wool":2,"minecraft:furnace":8,"minecraft:cooked_beef":5,"minecraft:cobbled_deepslate":93,"minecraft:oak_chest_boat":2,"minecraft:iron_leggings":1,"minecraft:cooked_mutton":15,"minecraft:water_bucket":10,"minecraft:diorite":14,"minecraft:diamond_boots":1,"minecraft:stone_pickaxe":268,"minecraft:oak_planks":50,"minecraft:wooden_pickaxe":47,"minecraft:blue_bed":9,"minecraft:golden_apple":1,"minecraft:white_wool":3,"minecraft:crafting_table":16,"minecraft:white_bed":3,"minecraft:shears":2,"minecraft:diamond_pickaxe":23,"minecraft:cornflower":1,"minecraft:apple":1,"minecraft:chicken":3,"minecraft:iron_pickaxe":586,"minecraft:gravel":27,"minecraft:stone_axe":7,"minecraft:diamond_sword":68,"minecraft:cobblestone":45,"minecraft:pufferfish_bucket":2,"minecraft:porkchop":4,"minecraft:cooked_porkchop":24,"minecraft:bucket":12,"minecraft:andesite":20,"minecraft:oak_boat":1,"minecraft:brush":3,"minecraft:diamond_leggings":1},"minecraft:custom":{"minecraft:mob_kills":131,"minecraft:animals_bred":3,"minecraft:interact_with_crafting_table":94,"minecraft:leave_game":10,"minecraft:time_since_death":231069,"minecraft:climb_one_cm":1957,"minecraft:sprint_one_cm":677752,"minecraft:walk_one_cm":833129,"minecraft:damage_blocked_by_shield":1140,"minecraft:drop":115,"minecraft:play_time":364614,"minecraft:deaths":5,"minecraft:sneak_time":9580,"minecraft:walk_under_water_one_cm":71294,"minecraft:boat_one_cm":46506,"minecraft:jump":6234,"minecraft:walk_on_water_one_cm":91587,"minecraft:total_world_time":364614,"minecraft:interact_with_furnace":38,"minecraft:sleep_in_bed":8,"minecraft:time_since_rest":36047,"minecraft:damage_taken":5427,"minecraft:damage_absorbed":40,"minecraft:damage_dealt":14573,"minecraft:swim_one_cm":234244,"minecraft:fly_one_cm":1003511,"minecraft:open_chest":46,"minecraft:crouch_one_cm":19050,"minecraft:fall_one_cm":117315},"minecraft:dropped":{"minecraft:iron_ingot":9,"minecraft:wheat_seeds":1,"minecraft:ender_pearl":1,"minecraft:diamond":2,"minecraft:iron_helmet":1,"minecraft:feather":3,"minecraft:cobblestone":98,"minecraft:granite":11,"minecraft:saddle":3,"minecraft:grass_block":2,"minecraft:coal":20,"minecraft:stick":7,"minecraft:dirt":2,"minecraft:iron_leggings":1,"minecraft:armadillo_scute":33,"minecraft:white_wool":5,"minecraft:cobbled_deepslate":6,"minecraft:raw_iron":2,"minecraft:rotten_flesh":4,"minecraft:iron_boots":1,"minecraft:oak_planks":130,"minecraft:cooked_mutton":15,"minecraft:carrot":29,"minecraft:oak_chest_boat":2,"minecraft:shield":1,"minecraft:diamond_pickaxe":1,"minecraft:iron_chestplate":1,"minecraft:chest":1,"minecraft:golden_leggings":1,"minecraft:spider_eye":1,"minecraft:wooden_pickaxe":1,"minecraft:stone_pickaxe":1}},"DataVersion":3953}