{"stats":{"minecraft:picked_up":{"minecraft:apple":1,"minecraft:wheat_seeds":1,"minecraft:oak_log":6,"minecraft:oak_sapling":1,"minecraft:coal":20,"minecraft:string":2},"minecraft:mined":{"minecraft:oak_log":6,"minecraft:oak_leaves":1},"minecraft:killed_by":{"minecraft:player":1},"minecraft:dropped":{"minecraft:coal":20},"minecraft:custom":{"minecraft:time_since_rest":4532,"minecraft:crouch_one_cm":758,"minecraft:walk_one_cm":15225,"minecraft:sprint_one_cm":25255,"minecraft:play_time":11190,"minecraft:damage_taken":270,"minecraft:deaths":1,"minecraft:sneak_time":186,"minecraft:drop":20,"minecraft:jump":148,"minecraft:leave_game":5,"minecraft:time_since_death":4496,"minecraft:walk_on_water_one_cm":298,"minecraft:total_world_time":11190,"minecraft:fall_one_cm":2777,"minecraft:fly_one_cm":23737}},"DataVersion":3953}