{"stats":{"minecraft:killed":{"minecraft:spider":22,"minecraft:skeleton":24,"minecraft:chicken":9,"minecraft:drowned":8,"minecraft:pig":13,"minecraft:bat":2,"minecraft:creeper":12,"minecraft:sheep":34,"minecraft:zombie":41,"minecraft:enderman":4,"minecraft:cow":2},"minecraft:mined":{"minecraft:tuff":19,"minecraft:white_bed":2,"minecraft:deepslate_diamond_ore":69,"minecraft:obsidian":15,"minecraft:granite":12,"minecraft:grass_block":1,"minecraft:jungle_log":1,"minecraft:oak_wall_sign":2,"minecraft:redstone_ore":8,"minecraft:furnace":2,"minecraft:iron_ore":77,"minecraft:cobbled_deepslate":4,"minecraft:andesite":48,"minecraft:pumpkin":1,"minecraft:deepslate_lapis_ore":6,"minecraft:enchanting_table":1,"minecraft:oak_sign":2,"minecraft:deepslate_iron_ore":21,"minecraft:bamboo":2,"minecraft:stone":298,"minecraft:white_wool":3,"minecraft:deepslate_redstone_ore":19,"minecraft:acacia_leaves":7,"minecraft:dandelion":4,"minecraft:crafting_table":3,"minecraft:cornflower":3,"minecraft:short_grass":40,"minecraft:poppy":5,"minecraft:melon":2,"minecraft:chest":5,"minecraft:cobblestone":1,"minecraft:tall_grass":7,"minecraft:copper_ore":22,"minecraft:deepslate_gold_ore":16,"minecraft:lapis_ore":12,"minecraft:sugar_cane":7,"minecraft:diorite":16,"minecraft:blue_bed":7,"minecraft:birch_log":6,"minecraft:birch_leaves":1,"minecraft:coal_ore":53,"minecraft:oak_log":59,"minecraft:gravel":44,"minecraft:dirt":1,"minecraft:gold_ore":5,"minecraft:fern":1,"minecraft:oak_leaves":22,"minecraft:deepslate":245,"minecraft:birch_fence":5},"minecraft:crafted":{"minecraft:oak_door":3,"minecraft:oak_planks":240,"minecraft:oak_sign":3,"minecraft:fishing_rod":2,"minecraft:wolf_armor":10,"minecraft:furnace":7,"minecraft:cooked_mutton":16,"minecraft:diamond_helmet":1,"minecraft:diamond_leggings":1,"minecraft:iron_boots":1,"minecraft:iron_axe":2,"minecraft:melon_seeds":1,"minecraft:stone_pickaxe":3,"minecraft:chest":5,"minecraft:diamond_boots":1,"minecraft:cooked_beef":5,"minecraft:red_dye":2,"minecraft:wooden_shovel":1,"minecraft:diamond_sword":1,"minecraft:diamond_axe":1,"minecraft:crafting_table":13,"minecraft:enchanting_table":1,"minecraft:wooden_pickaxe":2,"minecraft:iron_helmet":1,"minecraft:brush":11,"minecraft:blue_bed":2,"minecraft:copper_ingot":21,"minecraft:bucket":1,"minecraft:birch_planks":24,"minecraft:stone_axe":1,"minecraft:jungle_planks":4,"minecraft:blue_dye":5,"minecraft:oak_boat":2,"minecraft:oak_chest_boat":1,"minecraft:iron_chestplate":1,"minecraft:book":1,"minecraft:paper":3,"minecraft:diamond_pickaxe":2,"minecraft:yellow_dye":2,"minecraft:shield":1,"minecraft:birch_fence":9,"minecraft:stick":60,"minecraft:iron_ingot":47,"minecraft:iron_pickaxe":5,"minecraft:stone_sword":1,"minecraft:blue_wool":3,"minecraft:gold_ingot":21,"minecraft:iron_leggings":1,"minecraft:white_bed":3,"minecraft:shears":1,"minecraft:diamond_chestplate":1},"minecraft:broken":{"minecraft:stone_pickaxe":1,"minecraft:brush":11,"minecraft:iron_axe":1,"minecraft:iron_pickaxe":2},"minecraft:picked_up":{"minecraft:crafting_table":4,"minecraft:chicken":11,"minecraft:wooden_pickaxe":2,"minecraft:enchanted_book":1,"minecraft:shield":2,"minecraft:cornflower":4,"minecraft:string":38,"minecraft:raw_copper":101,"minecraft:pufferfish":1,"minecraft:birch_fence":5,"minecraft:oak_sign":4,"minecraft:cobbled_deepslate":345,"minecraft:beef":5,"minecraft:oak_boat":1,"minecraft:wooden_shovel":2,"minecraft:poppy":8,"minecraft:light_gray_wool":4,"minecraft:melon_slice":9,"minecraft:sugar_cane":12,"minecraft:chest":6,"minecraft:birch_sapling":5,"minecraft:furnace":2,"minecraft:egg":1,"minecraft:stick":31,"minecraft:raw_iron":145,"minecraft:copper_ingot":20,"minecraft:porkchop":22,"minecraft:diorite":27,"minecraft:carrot":60,"minecraft:redstone":120,"minecraft:goat_horn":1,"minecraft:stone_sword":1,"minecraft:arrow":30,"minecraft:rotten_flesh":87,"minecraft:armadillo_scute":72,"minecraft:saddle":8,"minecraft:oak_chest_boat":3,"minecraft:obsidian":14,"minecraft:mutton":47,"minecraft:cod":4,"minecraft:white_wool":48,"minecraft:cobblestone":568,"minecraft:birch_log":6,"minecraft:enchanting_table":1,"minecraft:pink_petals":8,"minecraft:feather":18,"minecraft:salmon":2,"minecraft:jungle_log":1,"minecraft:andesite":72,"minecraft:leather":2,"minecraft:wolf_armor":1,"minecraft:flint":1,"minecraft:tuff":13,"minecraft:oak_log":63,"minecraft:gunpowder":12,"minecraft:blue_bed":8,"minecraft:dirt":35,"minecraft:lapis_lazuli":129,"minecraft:leather_boots":1,"minecraft:cooked_mutton":14,"minecraft:bone":34,"minecraft:apple":2,"minecraft:bow":1,"minecraft:wheat_seeds":8,"minecraft:raw_gold":21,"minecraft:stone_pickaxe":1,"minecraft:iron_ingot":24,"minecraft:bamboo":16,"minecraft:oak_planks":309,"minecraft:cooked_porkchop":31,"minecraft:pumpkin":2,"minecraft:dandelion":6,"minecraft:gravel":85,"minecraft:white_bed":2,"minecraft:grass_block":4,"minecraft:spider_eye":7,"minecraft:diamond":78,"minecraft:granite":22,"minecraft:oak_sapling":6,"minecraft:coal":138,"minecraft:ender_pearl":2},"minecraft:killed_by":{"minecraft:player":1,"minecraft:creeper":1,"minecraft:skeleton":2},"minecraft:used":{"minecraft:enchanting_table":2,"minecraft:stone_sword":134,"minecraft:oak_sign":4,"minecraft:chest":9,"minecraft:shield":28,"minecraft:wooden_shovel":9,"minecraft:rotten_flesh":39,"minecraft:oak_door":3,"minecraft:dirt":33,"minecraft:mutton":10,"minecraft:carrot":28,"minecraft:diamond_helmet":1,"minecraft:tuff":12,"minecraft:granite":1,"minecraft:iron_axe":159,"minecraft:iron_helmet":1,"minecraft:iron_boots":1,"minecraft:light_gray_wool":2,"minecraft:diamond_chestplate":1,"minecraft:furnace":8,"minecraft:cooked_beef":5,"minecraft:cobbled_deepslate":93,"minecraft:oak_chest_boat":2,"minecraft:iron_leggings":1,"minecraft:cooked_mutton":15,"minecraft:water_bucket":12,"minecraft:diorite":14,"minecraft:diamond_boots":2,"minecraft:birch_planks":1,"minecraft:stone_pickaxe":268,"minecraft:oak_planks":65,"minecraft:wooden_pickaxe":47,"minecraft:diamond_axe":5,"minecraft:blue_bed":9,"minecraft:leather_boots":1,"minecraft:white_wool":3,"minecraft:golden_apple":1,"minecraft:crafting_table":17,"minecraft:white_bed":4,"minecraft:shears":2,"minecraft:birch_fence":14,"minecraft:apple":1,"minecraft:diamond_pickaxe":33,"minecraft:cornflower":1,"minecraft:chicken":3,"minecraft:melon_slice":8,"minecraft:iron_pickaxe":670,"minecraft:gravel":27,"minecraft:stone_axe":7,"minecraft:fishing_rod":16,"minecraft:diamond_sword":308,"minecraft:cobblestone":83,"minecraft:pufferfish_bucket":2,"minecraft:porkchop":4,"minecraft:cooked_porkchop":24,"minecraft:bucket":15,"minecraft:andesite":20,"minecraft:oak_boat":1,"minecraft:brush":3,"minecraft:diamond_leggings":1},"minecraft:custom":{"minecraft:mob_kills":200,"minecraft:animals_bred":5,"minecraft:interact_with_crafting_table":109,"minecraft:leave_game":11,"minecraft:time_since_death":299555,"minecraft:climb_one_cm":2113,"minecraft:sprint_one_cm":841032,"minecraft:walk_one_cm":1061887,"minecraft:damage_blocked_by_shield":1140,"minecraft:drop":117,"minecraft:play_time":433100,"minecraft:deaths":5,"minecraft:sneak_time":10713,"minecraft:walk_under_water_one_cm":82955,"minecraft:boat_one_cm":46506,"minecraft:jump":7161,"minecraft:walk_on_water_one_cm":105534,"minecraft:enchant_item":3,"minecraft:total_world_time":433100,"minecraft:interact_with_furnace":44,"minecraft:sleep_in_bed":11,"minecraft:time_since_rest":28773,"minecraft:damage_taken":6309,"minecraft:damage_absorbed":40,"minecraft:damage_dealt":28286,"minecraft:swim_one_cm":243725,"minecraft:fly_one_cm":1125376,"minecraft:open_chest":71,"minecraft:crouch_one_cm":20869,"minecraft:fish_caught":8,"minecraft:fall_one_cm":133780},"minecraft:dropped":{"minecraft:iron_ingot":9,"minecraft:wheat_seeds":1,"minecraft:ender_pearl":1,"minecraft:diamond":2,"minecraft:feather":3,"minecraft:iron_helmet":1,"minecraft:cobblestone":98,"minecraft:granite":11,"minecraft:saddle":3,"minecraft:grass_block":2,"minecraft:coal":20,"minecraft:stick":7,"minecraft:dirt":2,"minecraft:iron_leggings":1,"minecraft:armadillo_scute":33,"minecraft:white_wool":5,"minecraft:stone_axe":1,"minecraft:cobbled_deepslate":6,"minecraft:raw_iron":2,"minecraft:rotten_flesh":4,"minecraft:oak_planks":130,"minecraft:iron_boots":1,"minecraft:cooked_mutton":15,"minecraft:carrot":29,"minecraft:oak_chest_boat":2,"minecraft:shield":1,"minecraft:diamond_pickaxe":1,"minecraft:iron_chestplate":1,"minecraft:chest":1,"minecraft:golden_leggings":1,"minecraft:spider_eye":1,"minecraft:wooden_pickaxe":1,"minecraft:stone_pickaxe":1,"minecraft:egg":1}},"DataVersion":3953}