{"stats":{"minecraft:crafted":{"minecraft:chest":1,"minecraft:crafting_table":1,"minecraft:stick":16,"minecraft:jungle_sign":3,"minecraft:jungle_planks":36,"minecraft:wooden_axe":1},"minecraft:killed_by":{"minecraft:player":1},"minecraft:used":{"minecraft:wooden_axe":8,"minecraft:crafting_table":1,"minecraft:white_bed":1,"minecraft:chest":1},"minecraft:picked_up":{"minecraft:stick":2,"minecraft:jungle_log":9,"minecraft:white_bed":1,"minecraft:melon_slice":12,"minecraft:ender_pearl":1,"minecraft:jungle_sign":3,"minecraft:cobblestone":6},"minecraft:custom":{"minecraft:open_chest":2,"minecraft:time_since_rest":2335,"minecraft:crouch_one_cm":315,"minecraft:play_time":23957,"minecraft:sprint_one_cm":23969,"minecraft:deaths":1,"minecraft:damage_taken":255,"minecraft:walk_one_cm":27172,"minecraft:sneak_time":173,"minecraft:jump":203,"minecraft:damage_dealt":10,"minecraft:time_since_death":0,"minecraft:sleep_in_bed":1,"minecraft:climb_one_cm":342,"minecraft:total_world_time":23957,"minecraft:fall_one_cm":5643,"minecraft:interact_with_crafting_table":6,"minecraft:fly_one_cm":19510},"minecraft:mined":{"minecraft:short_grass":1,"minecraft:vine":1,"minecraft:jungle_log":9,"minecraft:jungle_leaves":2,"minecraft:jungle_sign":2,"minecraft:jungle_wall_sign":1}},"DataVersion":3953}