{"stats":{"minecraft:mined":{"minecraft:short_grass":2},"minecraft:picked_up":{"minecraft:rotten_flesh":3},"minecraft:killed_by":{"minecraft:husk":1,"minecraft:skeleton":1,"minecraft:zombie":1},"minecraft:custom":{"minecraft:time_since_rest":119,"minecraft:crouch_one_cm":86,"minecraft:deaths":3,"minecraft:play_time":20258,"minecraft:sprint_one_cm":57295,"minecraft:damage_taken":789,"minecraft:walk_one_cm":48162,"minecraft:sneak_time":30,"minecraft:walk_under_water_one_cm":143,"minecraft:mob_kills":1,"minecraft:jump":321,"minecraft:damage_dealt":56,"minecraft:leave_game":4,"minecraft:walk_on_water_one_cm":1011,"minecraft:time_since_death":0,"minecraft:total_world_time":20258,"minecraft:swim_one_cm":6360,"minecraft:talked_to_villager":9,"minecraft:fall_one_cm":6388,"minecraft:fly_one_cm":79029,"minecraft:horse_one_cm":1136}},"DataVersion":3953}