{"stats":{"minecraft:crafted":{"minecraft:crafting_table":1,"minecraft:stick":16,"minecraft:wooden_axe":1,"minecraft:chest":1,"minecraft:jungle_sign":3,"minecraft:jungle_planks":36},"minecraft:killed_by":{"minecraft:player":9},"minecraft:used":{"minecraft:wooden_axe":8,"minecraft:chest":1,"minecraft:crafting_table":1,"minecraft:white_bed":1},"minecraft:picked_up":{"minecraft:stick":2,"minecraft:jungle_log":9,"minecraft:white_bed":1,"minecraft:jungle_sign":3,"minecraft:wheat_seeds":15,"minecraft:melon_slice":12,"minecraft:cobblestone":6,"minecraft:ender_pearl":1},"minecraft:custom":{"minecraft:time_since_rest":1386,"minecraft:sprint_one_cm":49398,"minecraft:damage_taken":3735,"minecraft:walk_one_cm":61774,"minecraft:damage_dealt":1270,"minecraft:swim_one_cm":2473,"minecraft:interact_with_crafting_table":7,"minecraft:fly_one_cm":62993,"minecraft:player_kills":3,"minecraft:open_chest":4,"minecraft:crouch_one_cm":345,"minecraft:play_time":49996,"minecraft:deaths":12,"minecraft:sneak_time":307,"minecraft:walk_under_water_one_cm":8064,"minecraft:jump":586,"minecraft:leave_game":1,"minecraft:time_since_death":1364,"minecraft:walk_on_water_one_cm":1424,"minecraft:sleep_in_bed":1,"minecraft:total_world_time":49996,"minecraft:climb_one_cm":1723,"minecraft:fall_one_cm":28680},"minecraft:mined":{"minecraft:jungle_leaves":2,"minecraft:jungle_sign":2,"minecraft:short_grass":42,"minecraft:vine":1,"minecraft:jungle_log":9,"minecraft:jungle_wall_sign":1,"minecraft:fern":14}},"DataVersion":3953}