{"stats":{"minecraft:crafted":{"minecraft:chest":1,"minecraft:crafting_table":1,"minecraft:stick":16,"minecraft:jungle_sign":3,"minecraft:jungle_planks":36,"minecraft:wooden_axe":1},"minecraft:killed_by":{"minecraft:player":4},"minecraft:used":{"minecraft:wooden_axe":8,"minecraft:crafting_table":1,"minecraft:white_bed":1,"minecraft:chest":1},"minecraft:picked_up":{"minecraft:stick":2,"minecraft:jungle_log":9,"minecraft:wheat_seeds":3,"minecraft:white_bed":1,"minecraft:melon_slice":12,"minecraft:ender_pearl":1,"minecraft:jungle_sign":3,"minecraft:cobblestone":6},"minecraft:custom":{"minecraft:open_chest":3,"minecraft:time_since_rest":1788,"minecraft:crouch_one_cm":345,"minecraft:play_time":41957,"minecraft:sprint_one_cm":34723,"minecraft:deaths":4,"minecraft:damage_taken":1247,"minecraft:walk_one_cm":42891,"minecraft:sneak_time":302,"minecraft:jump":370,"minecraft:damage_dealt":374,"minecraft:player_kills":1,"minecraft:time_since_death":1749,"minecraft:sleep_in_bed":1,"minecraft:climb_one_cm":1172,"minecraft:total_world_time":41957,"minecraft:fall_one_cm":12715,"minecraft:interact_with_crafting_table":6,"minecraft:fly_one_cm":35543},"minecraft:mined":{"minecraft:short_grass":22,"minecraft:vine":1,"minecraft:jungle_log":9,"minecraft:jungle_leaves":2,"minecraft:fern":6,"minecraft:jungle_sign":2,"minecraft:jungle_wall_sign":1}},"DataVersion":3953}