{"stats":{"minecraft:mined":{"minecraft:short_grass":1,"minecraft:oak_log":6,"minecraft:gravel":16,"minecraft:stone":8,"minecraft:oak_leaves":1},"minecraft:picked_up":{"minecraft:pink_petals":4,"minecraft:stick":12,"minecraft:crafting_table":1,"minecraft:cooked_porkchop":5,"minecraft:wooden_pickaxe":1,"minecraft:gravel":32,"minecraft:oak_log":6,"minecraft:shield":1,"minecraft:string":4,"minecraft:rotten_flesh":1,"minecraft:apple":2,"minecraft:wheat_seeds":3,"minecraft:wooden_shovel":1,"minecraft:oak_sapling":1,"minecraft:mutton":1,"minecraft:coal":20,"minecraft:white_wool":1,"minecraft:cobblestone":16},"minecraft:killed_by":{"minecraft:player":1,"minecraft:skeleton":1},"minecraft:used":{"minecraft:stone_sword":10,"minecraft:apple":1,"minecraft:oak_planks":8,"minecraft:wooden_pickaxe":27,"minecraft:wooden_shovel":9,"minecraft:crafting_table":2,"minecraft:cooked_porkchop":2},"minecraft:dropped":{"minecraft:coal":20},"minecraft:crafted":{"minecraft:oak_planks":24,"minecraft:wooden_shovel":1,"minecraft:crafting_table":1,"minecraft:stick":8,"minecraft:wooden_pickaxe":1,"minecraft:stone_sword":1},"minecraft:killed":{"minecraft:sheep":1,"minecraft:zombie":1},"minecraft:custom":{"minecraft:time_since_rest":6653,"minecraft:sprint_one_cm":66081,"minecraft:damage_taken":760,"minecraft:walk_one_cm":43127,"minecraft:mob_kills":2,"minecraft:drop":20,"minecraft:damage_dealt":428,"minecraft:interact_with_crafting_table":3,"minecraft:fly_one_cm":97844,"minecraft:crouch_one_cm":761,"minecraft:play_time":23190,"minecraft:deaths":2,"minecraft:sneak_time":237,"minecraft:jump":477,"minecraft:leave_game":5,"minecraft:walk_on_water_one_cm":298,"minecraft:time_since_death":6628,"minecraft:total_world_time":23190,"minecraft:fall_one_cm":12400}},"DataVersion":3953}