{"stats":{"minecraft:mined":{"minecraft:dandelion":2,"minecraft:cornflower":3,"minecraft:short_grass":8,"minecraft:poppy":3,"minecraft:tall_grass":4,"minecraft:copper_ore":4,"minecraft:diorite":6,"minecraft:iron_ore":35,"minecraft:andesite":22,"minecraft:oak_log":10,"minecraft:coal_ore":7,"minecraft:gravel":16,"minecraft:stone":30,"minecraft:oak_leaves":4},"minecraft:picked_up":{"minecraft:pink_petals":4,"minecraft:crafting_table":1,"minecraft:andesite":22,"minecraft:wooden_pickaxe":1,"minecraft:oak_log":10,"minecraft:shield":1,"minecraft:cornflower":3,"minecraft:string":4,"minecraft:raw_copper":14,"minecraft:cooked_mutton":10,"minecraft:bone":2,"minecraft:apple":2,"minecraft:wheat_seeds":4,"minecraft:iron_ingot":16,"minecraft:poppy":3,"minecraft:wooden_shovel":1,"minecraft:light_gray_wool":2,"minecraft:stick":12,"minecraft:raw_iron":35,"minecraft:cooked_porkchop":7,"minecraft:dandelion":2,"minecraft:gravel":32,"minecraft:porkchop":1,"minecraft:diorite":6,"minecraft:rotten_flesh":1,"minecraft:oak_sapling":1,"minecraft:mutton":29,"minecraft:coal":27,"minecraft:white_wool":20,"minecraft:cobblestone":38},"minecraft:killed_by":{"minecraft:player":1,"minecraft:skeleton":1},"minecraft:used":{"minecraft:stone_sword":93,"minecraft:stone_pickaxe":96,"minecraft:oak_planks":8,"minecraft:wooden_pickaxe":27,"minecraft:shield":3,"minecraft:blue_bed":1,"minecraft:wooden_shovel":9,"minecraft:crafting_table":4,"minecraft:apple":1,"minecraft:cooked_porkchop":5,"minecraft:furnace":1,"minecraft:porkchop":1},"minecraft:dropped":{"minecraft:iron_ingot":4,"minecraft:cooked_mutton":10,"minecraft:coal":20},"minecraft:killed":{"minecraft:pig":1,"minecraft:sheep":22,"minecraft:skeleton":1,"minecraft:zombie":2},"minecraft:crafted":{"minecraft:oak_planks":40,"minecraft:wooden_shovel":1,"minecraft:crafting_table":3,"minecraft:wooden_pickaxe":1,"minecraft:furnace":1,"minecraft:blue_bed":1,"minecraft:cooked_mutton":10,"minecraft:blue_dye":3,"minecraft:stick":8,"minecraft:stone_pickaxe":2,"minecraft:stone_sword":1,"minecraft:blue_wool":3},"minecraft:custom":{"minecraft:interact_with_furnace":10,"minecraft:mob_kills":26,"minecraft:interact_with_crafting_table":6,"minecraft:leave_game":5,"minecraft:time_since_death":30628,"minecraft:sleep_in_bed":1,"minecraft:time_since_rest":4840,"minecraft:sprint_one_cm":116825,"minecraft:damage_taken":1001,"minecraft:walk_one_cm":114499,"minecraft:damage_blocked_by_shield":120,"minecraft:drop":34,"minecraft:damage_dealt":2607,"minecraft:swim_one_cm":15041,"minecraft:fly_one_cm":151752,"minecraft:crouch_one_cm":1823,"minecraft:play_time":47190,"minecraft:deaths":2,"minecraft:sneak_time":1008,"minecraft:walk_under_water_one_cm":2339,"minecraft:jump":846,"minecraft:walk_on_water_one_cm":1872,"minecraft:total_world_time":47190,"minecraft:fall_one_cm":20526}},"DataVersion":3953}