{"stats":{"minecraft:dropped":{"minecraft:oak_log":1,"minecraft:mutton":2,"minecraft:bone":2},"minecraft:crafted":{"minecraft:chest":1,"minecraft:oak_planks":20,"minecraft:oak_sign":3,"minecraft:crafting_table":1},"minecraft:used":{"minecraft:crafting_table":1,"minecraft:oak_sign":2,"minecraft:chest":1},"minecraft:picked_up":{"minecraft:crafting_table":2,"minecraft:stick":7,"minecraft:bone":6,"minecraft:arrow":2,"minecraft:oak_sign":3,"minecraft:wheat_seeds":3,"minecraft:oak_log":6,"minecraft:white_wool":3,"minecraft:mutton":8,"minecraft:oak_planks":4,"minecraft:dirt":83},"minecraft:mined":{"minecraft:grass_block":1,"minecraft:oak_log":3,"minecraft:dirt":2,"minecraft:oak_leaves":1,"minecraft:crafting_table":1},"minecraft:custom":{"minecraft:time_since_rest":13382,"minecraft:damage_taken":576,"minecraft:walk_one_cm":66854,"minecraft:crouch_one_cm":1425,"minecraft:sprint_one_cm":82600,"minecraft:play_time":50220,"minecraft:deaths":2,"minecraft:sneak_time":996,"minecraft:drop":5,"minecraft:jump":444,"minecraft:damage_dealt":131,"minecraft:leave_game":2,"minecraft:walk_on_water_one_cm":1643,"minecraft:time_since_death":13355,"minecraft:total_world_time":50220,"minecraft:interact_with_crafting_table":4,"minecraft:fall_one_cm":10802,"minecraft:fly_one_cm":79643},"minecraft:killed_by":{"minecraft:creeper":1,"minecraft:zombie":1}},"DataVersion":3953}