{"stats":{"minecraft:killed":{"minecraft:pig":1,"minecraft:spider":1,"minecraft:bat":1,"minecraft:skeleton":5,"minecraft:sheep":22,"minecraft:zombie":6},"minecraft:mined":{"minecraft:deepslate_redstone_ore":12,"minecraft:deepslate_diamond_ore":8,"minecraft:dandelion":2,"minecraft:cornflower":3,"minecraft:granite":1,"minecraft:short_grass":9,"minecraft:poppy":3,"minecraft:tall_grass":4,"minecraft:copper_ore":18,"minecraft:diorite":14,"minecraft:blue_bed":2,"minecraft:iron_ore":39,"minecraft:cobbled_deepslate":2,"minecraft:andesite":27,"minecraft:coal_ore":12,"minecraft:oak_log":20,"minecraft:deepslate_iron_ore":12,"minecraft:gravel":16,"minecraft:stone":76,"minecraft:white_wool":2,"minecraft:oak_leaves":8,"minecraft:deepslate":10},"minecraft:crafted":{"minecraft:oak_planks":80,"minecraft:wooden_shovel":1,"minecraft:crafting_table":6,"minecraft:wooden_pickaxe":2,"minecraft:furnace":5,"minecraft:blue_bed":1,"minecraft:cooked_mutton":10,"minecraft:blue_dye":3,"minecraft:iron_axe":1,"minecraft:stick":20,"minecraft:iron_ingot":3,"minecraft:iron_pickaxe":2,"minecraft:stone_pickaxe":3,"minecraft:stone_sword":1,"minecraft:blue_wool":3},"minecraft:picked_up":{"minecraft:pink_petals":8,"minecraft:crafting_table":1,"minecraft:andesite":51,"minecraft:wooden_pickaxe":2,"minecraft:oak_log":20,"minecraft:shield":2,"minecraft:cornflower":3,"minecraft:blue_bed":2,"minecraft:string":12,"minecraft:raw_copper":89,"minecraft:cooked_mutton":14,"minecraft:bone":14,"minecraft:apple":2,"minecraft:bow":1,"minecraft:wheat_seeds":7,"minecraft:cobbled_deepslate":43,"minecraft:iron_ingot":23,"minecraft:stone_pickaxe":1,"minecraft:poppy":6,"minecraft:wooden_shovel":2,"minecraft:light_gray_wool":4,"minecraft:stick":19,"minecraft:raw_iron":96,"minecraft:cooked_porkchop":13,"minecraft:dandelion":4,"minecraft:gravel":58,"minecraft:porkchop":1,"minecraft:diorite":27,"minecraft:redstone":56,"minecraft:stone_sword":1,"minecraft:arrow":8,"minecraft:rotten_flesh":26,"minecraft:diamond":8,"minecraft:granite":2,"minecraft:oak_sapling":1,"minecraft:mutton":29,"minecraft:coal":32,"minecraft:white_wool":34,"minecraft:cobblestone":116},"minecraft:broken":{"minecraft:stone_pickaxe":1},"minecraft:killed_by":{"minecraft:player":1,"minecraft:skeleton":2,"minecraft:creeper":1},"minecraft:used":{"minecraft:cooked_mutton":9,"minecraft:diorite":14,"minecraft:stone_sword":134,"minecraft:stone_pickaxe":179,"minecraft:oak_planks":8,"minecraft:wooden_pickaxe":47,"minecraft:shield":17,"minecraft:wooden_shovel":9,"minecraft:blue_bed":2,"minecraft:rotten_flesh":7,"minecraft:white_wool":2,"minecraft:crafting_table":7,"minecraft:granite":1,"minecraft:apple":1,"minecraft:iron_pickaxe":26,"minecraft:light_gray_wool":2,"minecraft:cobblestone":3,"minecraft:furnace":5,"minecraft:cooked_porkchop":8,"minecraft:porkchop":1,"minecraft:andesite":15,"minecraft:cobbled_deepslate":34},"minecraft:custom":{"minecraft:interact_with_furnace":13,"minecraft:mob_kills":36,"minecraft:interact_with_crafting_table":19,"minecraft:leave_game":10,"minecraft:time_since_death":27069,"minecraft:sleep_in_bed":2,"minecraft:time_since_rest":27115,"minecraft:sprint_one_cm":277387,"minecraft:damage_taken":2913,"minecraft:walk_one_cm":300924,"minecraft:damage_blocked_by_shield":660,"minecraft:drop":50,"minecraft:damage_dealt":4243,"minecraft:swim_one_cm":72671,"minecraft:fly_one_cm":299655,"minecraft:crouch_one_cm":6244,"minecraft:play_time":160614,"minecraft:deaths":5,"minecraft:sneak_time":2903,"minecraft:walk_under_water_one_cm":18622,"minecraft:jump":2183,"minecraft:walk_on_water_one_cm":26291,"minecraft:total_world_time":160614,"minecraft:fall_one_cm":45598},"minecraft:dropped":{"minecraft:iron_ingot":9,"minecraft:oak_planks":1,"minecraft:cooked_mutton":15,"minecraft:coal":20,"minecraft:white_wool":5}},"DataVersion":3953}