{"stats":{"minecraft:mined":{"minecraft:short_grass":2},"minecraft:picked_up":{"minecraft:rotten_flesh":3},"minecraft:custom":{"minecraft:jump":124,"minecraft:time_since_rest":7920,"minecraft:damage_dealt":17,"minecraft:leave_game":1,"minecraft:sprint_one_cm":21940,"minecraft:play_time":7920,"minecraft:time_since_death":7920,"minecraft:walk_one_cm":25048,"minecraft:sneak_time":11,"minecraft:total_world_time":7920,"minecraft:mob_kills":1,"minecraft:fall_one_cm":2986,"minecraft:fly_one_cm":26982,"minecraft:horse_one_cm":1136}},"DataVersion":3953}