{"stats":{"minecraft:killed":{"minecraft:pig":13,"minecraft:spider":2,"minecraft:bat":1,"minecraft:skeleton":5,"minecraft:sheep":29,"minecraft:zombie":7,"minecraft:chicken":3,"minecraft:cow":2},"minecraft:mined":{"minecraft:deepslate_redstone_ore":19,"minecraft:tuff":12,"minecraft:deepslate_diamond_ore":40,"minecraft:dandelion":2,"minecraft:crafting_table":2,"minecraft:cornflower":3,"minecraft:granite":12,"minecraft:short_grass":13,"minecraft:poppy":3,"minecraft:chest":5,"minecraft:tall_grass":4,"minecraft:copper_ore":22,"minecraft:lapis_ore":12,"minecraft:deepslate_gold_ore":16,"minecraft:diorite":14,"minecraft:blue_bed":2,"minecraft:redstone_ore":8,"minecraft:furnace":2,"minecraft:iron_ore":71,"minecraft:cobbled_deepslate":2,"minecraft:andesite":48,"minecraft:deepslate_lapis_ore":6,"minecraft:coal_ore":52,"minecraft:oak_log":26,"minecraft:deepslate_iron_ore":21,"minecraft:dirt":1,"minecraft:gravel":44,"minecraft:stone":291,"minecraft:gold_ore":5,"minecraft:white_wool":2,"minecraft:oak_leaves":13,"minecraft:deepslate":192},"minecraft:crafted":{"minecraft:cooked_beef":5,"minecraft:oak_planks":104,"minecraft:wooden_shovel":1,"minecraft:crafting_table":6,"minecraft:iron_helmet":1,"minecraft:wooden_pickaxe":2,"minecraft:furnace":5,"minecraft:blue_bed":1,"minecraft:copper_ingot":21,"minecraft:cooked_mutton":14,"minecraft:blue_dye":3,"minecraft:iron_boots":1,"minecraft:iron_chestplate":1,"minecraft:diamond_pickaxe":1,"minecraft:shield":1,"minecraft:iron_axe":2,"minecraft:stick":28,"minecraft:iron_ingot":45,"minecraft:iron_pickaxe":4,"minecraft:stone_pickaxe":3,"minecraft:stone_sword":1,"minecraft:blue_wool":3,"minecraft:chest":2,"minecraft:iron_leggings":1},"minecraft:picked_up":{"minecraft:pink_petals":8,"minecraft:crafting_table":3,"minecraft:feather":3,"minecraft:chicken":3,"minecraft:andesite":72,"minecraft:leather":2,"minecraft:wooden_pickaxe":2,"minecraft:flint":1,"minecraft:tuff":12,"minecraft:oak_log":26,"minecraft:dirt":1,"minecraft:shield":2,"minecraft:lapis_lazuli":129,"minecraft:cornflower":3,"minecraft:blue_bed":2,"minecraft:string":12,"minecraft:raw_copper":101,"minecraft:cooked_mutton":14,"minecraft:bone":14,"minecraft:apple":2,"minecraft:bow":1,"minecraft:wheat_seeds":7,"minecraft:cobbled_deepslate":225,"minecraft:raw_gold":21,"minecraft:beef":5,"minecraft:iron_ingot":23,"minecraft:stone_pickaxe":1,"minecraft:poppy":6,"minecraft:wooden_shovel":2,"minecraft:light_gray_wool":4,"minecraft:chest":5,"minecraft:furnace":2,"minecraft:stick":20,"minecraft:raw_iron":137,"minecraft:cooked_porkchop":31,"minecraft:dandelion":4,"minecraft:gravel":85,"minecraft:porkchop":22,"minecraft:diorite":27,"minecraft:redstone":120,"minecraft:stone_sword":1,"minecraft:arrow":8,"minecraft:rotten_flesh":26,"minecraft:diamond":40,"minecraft:granite":22,"minecraft:oak_sapling":1,"minecraft:mutton":39,"minecraft:coal":137,"minecraft:white_wool":41,"minecraft:cobblestone":331},"minecraft:broken":{"minecraft:stone_pickaxe":1,"minecraft:iron_pickaxe":2},"minecraft:killed_by":{"minecraft:player":1,"minecraft:skeleton":2,"minecraft:creeper":1},"minecraft:used":{"minecraft:cooked_mutton":9,"minecraft:diorite":14,"minecraft:stone_sword":134,"minecraft:stone_pickaxe":268,"minecraft:oak_planks":8,"minecraft:chest":5,"minecraft:wooden_pickaxe":47,"minecraft:shield":17,"minecraft:wooden_shovel":9,"minecraft:blue_bed":2,"minecraft:rotten_flesh":7,"minecraft:white_wool":2,"minecraft:mutton":6,"minecraft:crafting_table":8,"minecraft:tuff":12,"minecraft:granite":1,"minecraft:diamond_pickaxe":7,"minecraft:apple":1,"minecraft:iron_axe":65,"minecraft:iron_pickaxe":572,"minecraft:iron_helmet":1,"minecraft:iron_boots":1,"minecraft:light_gray_wool":2,"minecraft:cobblestone":3,"minecraft:furnace":6,"minecraft:cooked_porkchop":8,"minecraft:porkchop":4,"minecraft:andesite":17,"minecraft:cooked_beef":3,"minecraft:cobbled_deepslate":43,"minecraft:iron_leggings":1},"minecraft:custom":{"minecraft:interact_with_furnace":30,"minecraft:mob_kills":62,"minecraft:interact_with_crafting_table":40,"minecraft:leave_game":10,"minecraft:time_since_death":81069,"minecraft:sleep_in_bed":2,"minecraft:time_since_rest":81115,"minecraft:sprint_one_cm":304135,"minecraft:damage_taken":3201,"minecraft:walk_one_cm":471522,"minecraft:damage_blocked_by_shield":660,"minecraft:drop":53,"minecraft:damage_dealt":6683,"minecraft:swim_one_cm":72671,"minecraft:fly_one_cm":358896,"minecraft:open_chest":7,"minecraft:crouch_one_cm":9453,"minecraft:play_time":214614,"minecraft:deaths":5,"minecraft:sneak_time":4075,"minecraft:walk_under_water_one_cm":31402,"minecraft:jump":3102,"minecraft:walk_on_water_one_cm":29549,"minecraft:total_world_time":214614,"minecraft:fall_one_cm":54968},"minecraft:dropped":{"minecraft:iron_ingot":9,"minecraft:oak_planks":1,"minecraft:cooked_mutton":15,"minecraft:coal":20,"minecraft:dirt":1,"minecraft:stone_pickaxe":1,"minecraft:wooden_pickaxe":1,"minecraft:white_wool":5}},"DataVersion":3953}