{"stats":{"minecraft:killed":{"minecraft:spider":3,"minecraft:skeleton":12,"minecraft:chicken":9,"minecraft:drowned":1,"minecraft:pig":13,"minecraft:bat":1,"minecraft:creeper":2,"minecraft:sheep":34,"minecraft:zombie":14,"minecraft:enderman":2,"minecraft:cow":2},"minecraft:mined":{"minecraft:tuff":12,"minecraft:white_bed":1,"minecraft:deepslate_diamond_ore":40,"minecraft:obsidian":15,"minecraft:granite":12,"minecraft:grass_block":1,"minecraft:jungle_log":1,"minecraft:redstone_ore":8,"minecraft:furnace":2,"minecraft:iron_ore":71,"minecraft:cobbled_deepslate":4,"minecraft:andesite":48,"minecraft:pumpkin":1,"minecraft:deepslate_lapis_ore":6,"minecraft:deepslate_iron_ore":21,"minecraft:bamboo":2,"minecraft:stone":294,"minecraft:white_wool":3,"minecraft:deepslate_redstone_ore":19,"minecraft:acacia_leaves":7,"minecraft:dandelion":4,"minecraft:cornflower":3,"minecraft:crafting_table":3,"minecraft:short_grass":39,"minecraft:poppy":5,"minecraft:chest":5,"minecraft:copper_ore":22,"minecraft:tall_grass":7,"minecraft:deepslate_gold_ore":16,"minecraft:lapis_ore":12,"minecraft:sugar_cane":7,"minecraft:diorite":14,"minecraft:blue_bed":7,"minecraft:oak_log":44,"minecraft:coal_ore":52,"minecraft:gravel":44,"minecraft:dirt":1,"minecraft:gold_ore":5,"minecraft:oak_leaves":21,"minecraft:deepslate":192,"minecraft:fern":1},"minecraft:crafted":{"minecraft:oak_planks":176,"minecraft:wolf_armor":10,"minecraft:furnace":5,"minecraft:cooked_mutton":14,"minecraft:iron_boots":1,"minecraft:iron_axe":2,"minecraft:stone_pickaxe":3,"minecraft:chest":3,"minecraft:cooked_beef":5,"minecraft:red_dye":2,"minecraft:wooden_shovel":1,"minecraft:diamond_sword":1,"minecraft:crafting_table":9,"minecraft:wooden_pickaxe":2,"minecraft:iron_helmet":1,"minecraft:brush":11,"minecraft:blue_bed":2,"minecraft:copper_ingot":21,"minecraft:bucket":1,"minecraft:jungle_planks":4,"minecraft:blue_dye":5,"minecraft:oak_boat":2,"minecraft:oak_chest_boat":1,"minecraft:iron_chestplate":1,"minecraft:yellow_dye":2,"minecraft:diamond_pickaxe":1,"minecraft:shield":1,"minecraft:stick":40,"minecraft:iron_ingot":45,"minecraft:iron_pickaxe":4,"minecraft:stone_sword":1,"minecraft:blue_wool":3,"minecraft:iron_leggings":1,"minecraft:white_bed":1,"minecraft:shears":1},"minecraft:broken":{"minecraft:stone_pickaxe":1,"minecraft:brush":11,"minecraft:iron_axe":1,"minecraft:iron_pickaxe":2},"minecraft:picked_up":{"minecraft:crafting_table":4,"minecraft:chicken":11,"minecraft:wooden_pickaxe":2,"minecraft:shield":2,"minecraft:cornflower":4,"minecraft:string":16,"minecraft:raw_copper":101,"minecraft:cobbled_deepslate":227,"minecraft:beef":5,"minecraft:oak_boat":1,"minecraft:wooden_shovel":2,"minecraft:poppy":8,"minecraft:light_gray_wool":4,"minecraft:sugar_cane":12,"minecraft:chest":6,"minecraft:furnace":2,"minecraft:raw_iron":137,"minecraft:stick":26,"minecraft:copper_ingot":19,"minecraft:porkchop":22,"minecraft:diorite":27,"minecraft:redstone":120,"minecraft:stone_sword":1,"minecraft:arrow":18,"minecraft:rotten_flesh":39,"minecraft:armadillo_scute":45,"minecraft:oak_chest_boat":3,"minecraft:obsidian":14,"minecraft:mutton":47,"minecraft:white_wool":48,"minecraft:cobblestone":333,"minecraft:pink_petals":8,"minecraft:feather":18,"minecraft:jungle_log":1,"minecraft:andesite":72,"minecraft:leather":2,"minecraft:wolf_armor":1,"minecraft:flint":1,"minecraft:tuff":12,"minecraft:oak_log":44,"minecraft:gunpowder":2,"minecraft:blue_bed":7,"minecraft:lapis_lazuli":129,"minecraft:dirt":2,"minecraft:cooked_mutton":14,"minecraft:bone":21,"minecraft:apple":2,"minecraft:bow":1,"minecraft:wheat_seeds":8,"minecraft:raw_gold":21,"minecraft:iron_ingot":23,"minecraft:stone_pickaxe":1,"minecraft:bamboo":16,"minecraft:oak_planks":269,"minecraft:pumpkin":1,"minecraft:cooked_porkchop":31,"minecraft:dandelion":6,"minecraft:gravel":85,"minecraft:white_bed":1,"minecraft:grass_block":4,"minecraft:spider_eye":1,"minecraft:diamond":40,"minecraft:granite":22,"minecraft:oak_sapling":1,"minecraft:coal":137,"minecraft:ender_pearl":1},"minecraft:killed_by":{"minecraft:player":1,"minecraft:creeper":1,"minecraft:skeleton":2},"minecraft:used":{"minecraft:stone_sword":134,"minecraft:chest":7,"minecraft:shield":28,"minecraft:wooden_shovel":9,"minecraft:rotten_flesh":7,"minecraft:mutton":10,"minecraft:tuff":12,"minecraft:granite":1,"minecraft:iron_axe":159,"minecraft:iron_helmet":1,"minecraft:iron_boots":1,"minecraft:light_gray_wool":2,"minecraft:furnace":6,"minecraft:cooked_beef":5,"minecraft:cobbled_deepslate":84,"minecraft:oak_chest_boat":2,"minecraft:iron_leggings":1,"minecraft:cooked_mutton":13,"minecraft:water_bucket":6,"minecraft:diorite":14,"minecraft:stone_pickaxe":268,"minecraft:oak_planks":50,"minecraft:wooden_pickaxe":47,"minecraft:blue_bed":7,"minecraft:golden_apple":1,"minecraft:white_wool":3,"minecraft:crafting_table":13,"minecraft:white_bed":1,"minecraft:shears":2,"minecraft:diamond_pickaxe":23,"minecraft:cornflower":1,"minecraft:apple":1,"minecraft:chicken":3,"minecraft:iron_pickaxe":576,"minecraft:gravel":27,"minecraft:diamond_sword":37,"minecraft:cobblestone":9,"minecraft:porkchop":4,"minecraft:cooked_porkchop":24,"minecraft:bucket":7,"minecraft:andesite":20,"minecraft:oak_boat":1,"minecraft:brush":3},"minecraft:custom":{"minecraft:mob_kills":121,"minecraft:animals_bred":3,"minecraft:interact_with_crafting_table":71,"minecraft:leave_game":10,"minecraft:time_since_death":183069,"minecraft:climb_one_cm":1880,"minecraft:sprint_one_cm":565655,"minecraft:walk_one_cm":716173,"minecraft:damage_blocked_by_shield":1140,"minecraft:drop":75,"minecraft:play_time":316614,"minecraft:deaths":5,"minecraft:sneak_time":9190,"minecraft:walk_under_water_one_cm":65960,"minecraft:boat_one_cm":46506,"minecraft:jump":5379,"minecraft:walk_on_water_one_cm":79171,"minecraft:total_world_time":316614,"minecraft:interact_with_furnace":30,"minecraft:sleep_in_bed":7,"minecraft:time_since_rest":2705,"minecraft:damage_taken":5031,"minecraft:damage_absorbed":40,"minecraft:damage_dealt":12732,"minecraft:swim_one_cm":193137,"minecraft:fly_one_cm":845998,"minecraft:open_chest":34,"minecraft:crouch_one_cm":17699,"minecraft:fall_one_cm":100417},"minecraft:dropped":{"minecraft:iron_ingot":9,"minecraft:wheat_seeds":1,"minecraft:feather":3,"minecraft:granite":11,"minecraft:grass_block":2,"minecraft:coal":20,"minecraft:stick":7,"minecraft:dirt":2,"minecraft:white_wool":5,"minecraft:cobbled_deepslate":6,"minecraft:rotten_flesh":4,"minecraft:oak_planks":105,"minecraft:cooked_mutton":15,"minecraft:oak_chest_boat":2,"minecraft:chest":1,"minecraft:golden_leggings":1,"minecraft:spider_eye":1,"minecraft:wooden_pickaxe":1,"minecraft:stone_pickaxe":1}},"DataVersion":3953}