{"stats":{"minecraft:killed":{"minecraft:pig":13,"minecraft:spider":1,"minecraft:bat":1,"minecraft:skeleton":5,"minecraft:sheep":29,"minecraft:zombie":6,"minecraft:chicken":3,"minecraft:cow":2},"minecraft:mined":{"minecraft:deepslate_redstone_ore":19,"minecraft:tuff":12,"minecraft:deepslate_diamond_ore":40,"minecraft:dandelion":2,"minecraft:crafting_table":1,"minecraft:cornflower":3,"minecraft:granite":10,"minecraft:short_grass":12,"minecraft:poppy":3,"minecraft:chest":2,"minecraft:tall_grass":4,"minecraft:copper_ore":22,"minecraft:lapis_ore":12,"minecraft:deepslate_gold_ore":16,"minecraft:diorite":14,"minecraft:blue_bed":2,"minecraft:redstone_ore":8,"minecraft:iron_ore":71,"minecraft:cobbled_deepslate":2,"minecraft:andesite":30,"minecraft:deepslate_lapis_ore":6,"minecraft:coal_ore":52,"minecraft:oak_log":20,"minecraft:deepslate_iron_ore":21,"minecraft:gravel":44,"minecraft:stone":267,"minecraft:gold_ore":5,"minecraft:white_wool":2,"minecraft:oak_leaves":8,"minecraft:deepslate":191},"minecraft:crafted":{"minecraft:cooked_beef":5,"minecraft:oak_planks":80,"minecraft:wooden_shovel":1,"minecraft:crafting_table":6,"minecraft:iron_helmet":1,"minecraft:wooden_pickaxe":2,"minecraft:furnace":5,"minecraft:blue_bed":1,"minecraft:copper_ingot":21,"minecraft:cooked_mutton":10,"minecraft:blue_dye":3,"minecraft:iron_boots":1,"minecraft:iron_chestplate":1,"minecraft:diamond_pickaxe":1,"minecraft:shield":1,"minecraft:iron_axe":2,"minecraft:stick":20,"minecraft:iron_ingot":36,"minecraft:iron_pickaxe":3,"minecraft:stone_pickaxe":3,"minecraft:stone_sword":1,"minecraft:blue_wool":3,"minecraft:chest":2,"minecraft:iron_leggings":1},"minecraft:picked_up":{"minecraft:pink_petals":8,"minecraft:crafting_table":2,"minecraft:feather":3,"minecraft:chicken":3,"minecraft:andesite":54,"minecraft:leather":2,"minecraft:wooden_pickaxe":2,"minecraft:flint":1,"minecraft:tuff":12,"minecraft:oak_log":20,"minecraft:shield":2,"minecraft:lapis_lazuli":129,"minecraft:cornflower":3,"minecraft:blue_bed":2,"minecraft:string":12,"minecraft:raw_copper":101,"minecraft:cooked_mutton":14,"minecraft:bone":14,"minecraft:apple":2,"minecraft:bow":1,"minecraft:wheat_seeds":7,"minecraft:cobbled_deepslate":224,"minecraft:raw_gold":21,"minecraft:beef":5,"minecraft:iron_ingot":23,"minecraft:stone_pickaxe":1,"minecraft:poppy":6,"minecraft:wooden_shovel":2,"minecraft:light_gray_wool":4,"minecraft:chest":2,"minecraft:stick":19,"minecraft:raw_iron":137,"minecraft:cooked_porkchop":13,"minecraft:dandelion":4,"minecraft:gravel":85,"minecraft:porkchop":22,"minecraft:diorite":27,"minecraft:redstone":120,"minecraft:stone_sword":1,"minecraft:arrow":8,"minecraft:rotten_flesh":26,"minecraft:diamond":40,"minecraft:granite":11,"minecraft:oak_sapling":1,"minecraft:mutton":39,"minecraft:coal":72,"minecraft:white_wool":41,"minecraft:cobblestone":307},"minecraft:broken":{"minecraft:stone_pickaxe":1,"minecraft:iron_pickaxe":2},"minecraft:killed_by":{"minecraft:player":1,"minecraft:skeleton":2,"minecraft:creeper":1},"minecraft:used":{"minecraft:cooked_mutton":9,"minecraft:diorite":14,"minecraft:stone_sword":134,"minecraft:stone_pickaxe":268,"minecraft:oak_planks":8,"minecraft:chest":2,"minecraft:wooden_pickaxe":47,"minecraft:shield":17,"minecraft:wooden_shovel":9,"minecraft:blue_bed":2,"minecraft:rotten_flesh":7,"minecraft:white_wool":2,"minecraft:mutton":6,"minecraft:crafting_table":7,"minecraft:tuff":2,"minecraft:granite":1,"minecraft:diamond_pickaxe":6,"minecraft:apple":1,"minecraft:iron_axe":41,"minecraft:iron_pickaxe":526,"minecraft:iron_helmet":1,"minecraft:iron_boots":1,"minecraft:light_gray_wool":2,"minecraft:cobblestone":3,"minecraft:furnace":5,"minecraft:cooked_porkchop":8,"minecraft:porkchop":4,"minecraft:andesite":17,"minecraft:cooked_beef":2,"minecraft:cobbled_deepslate":40,"minecraft:iron_leggings":1},"minecraft:custom":{"minecraft:interact_with_furnace":27,"minecraft:mob_kills":60,"minecraft:interact_with_crafting_table":33,"minecraft:leave_game":10,"minecraft:time_since_death":69069,"minecraft:sleep_in_bed":2,"minecraft:time_since_rest":69115,"minecraft:sprint_one_cm":299846,"minecraft:damage_taken":3103,"minecraft:walk_one_cm":433515,"minecraft:damage_blocked_by_shield":660,"minecraft:drop":52,"minecraft:damage_dealt":6323,"minecraft:swim_one_cm":72671,"minecraft:fly_one_cm":349183,"minecraft:open_chest":6,"minecraft:crouch_one_cm":7053,"minecraft:play_time":202614,"minecraft:deaths":5,"minecraft:sneak_time":3218,"minecraft:walk_under_water_one_cm":23817,"minecraft:jump":2849,"minecraft:walk_on_water_one_cm":27600,"minecraft:total_world_time":202614,"minecraft:fall_one_cm":54006},"minecraft:dropped":{"minecraft:iron_ingot":9,"minecraft:oak_planks":1,"minecraft:cooked_mutton":15,"minecraft:coal":20,"minecraft:stone_pickaxe":1,"minecraft:wooden_pickaxe":1,"minecraft:white_wool":5}},"DataVersion":3953}