{"stats":{"minecraft:mined":{"minecraft:iron_ore":17,"minecraft:andesite":22,"minecraft:dandelion":2,"minecraft:cornflower":3,"minecraft:short_grass":8,"minecraft:coal_ore":7,"minecraft:oak_log":10,"minecraft:poppy":3,"minecraft:gravel":16,"minecraft:copper_ore":3,"minecraft:tall_grass":4,"minecraft:stone":28,"minecraft:diorite":6,"minecraft:oak_leaves":4},"minecraft:picked_up":{"minecraft:raw_iron":17,"minecraft:pink_petals":4,"minecraft:stick":12,"minecraft:crafting_table":1,"minecraft:cooked_porkchop":5,"minecraft:andesite":22,"minecraft:dandelion":2,"minecraft:wooden_pickaxe":1,"minecraft:gravel":32,"minecraft:porkchop":1,"minecraft:oak_log":10,"minecraft:diorite":6,"minecraft:shield":1,"minecraft:cornflower":3,"minecraft:string":4,"minecraft:raw_copper":12,"minecraft:rotten_flesh":1,"minecraft:apple":2,"minecraft:wheat_seeds":4,"minecraft:wooden_shovel":1,"minecraft:poppy":3,"minecraft:light_gray_wool":2,"minecraft:oak_sapling":1,"minecraft:mutton":29,"minecraft:coal":27,"minecraft:white_wool":20,"minecraft:cobblestone":36},"minecraft:killed_by":{"minecraft:player":1,"minecraft:skeleton":1},"minecraft:used":{"minecraft:stone_sword":83,"minecraft:apple":1,"minecraft:stone_pickaxe":75,"minecraft:oak_planks":8,"minecraft:wooden_pickaxe":27,"minecraft:wooden_shovel":9,"minecraft:crafting_table":3,"minecraft:porkchop":1,"minecraft:cooked_porkchop":4},"minecraft:dropped":{"minecraft:coal":20},"minecraft:crafted":{"minecraft:oak_planks":40,"minecraft:wooden_shovel":1,"minecraft:crafting_table":2,"minecraft:stick":8,"minecraft:wooden_pickaxe":1,"minecraft:stone_pickaxe":2,"minecraft:stone_sword":1},"minecraft:killed":{"minecraft:sheep":22,"minecraft:zombie":1,"minecraft:pig":1},"minecraft:custom":{"minecraft:time_since_rest":18653,"minecraft:sprint_one_cm":98230,"minecraft:damage_taken":961,"minecraft:walk_one_cm":79685,"minecraft:mob_kills":24,"minecraft:drop":20,"minecraft:damage_dealt":2208,"minecraft:swim_one_cm":15041,"minecraft:interact_with_crafting_table":4,"minecraft:fly_one_cm":143316,"minecraft:crouch_one_cm":1425,"minecraft:play_time":35190,"minecraft:deaths":2,"minecraft:sneak_time":754,"minecraft:walk_under_water_one_cm":2339,"minecraft:jump":724,"minecraft:leave_game":5,"minecraft:walk_on_water_one_cm":1872,"minecraft:time_since_death":18628,"minecraft:total_world_time":35190,"minecraft:fall_one_cm":19630}},"DataVersion":3953}