{"stats":{"minecraft:mined":{"minecraft:jungle_leaves":2,"minecraft:jungle_sign":2,"minecraft:short_grass":42,"minecraft:vine":1,"minecraft:jungle_log":9,"minecraft:jungle_wall_sign":1,"minecraft:fern":14},"minecraft:picked_up":{"minecraft:stick":2,"minecraft:jungle_log":9,"minecraft:white_bed":1,"minecraft:jungle_sign":3,"minecraft:wheat_seeds":17,"minecraft:melon_slice":12,"minecraft:cobblestone":6,"minecraft:ender_pearl":1},"minecraft:custom":{"minecraft:time_since_rest":4149,"minecraft:sprint_one_cm":66241,"minecraft:damage_taken":4386,"minecraft:walk_one_cm":89180,"minecraft:damage_dealt":1322,"minecraft:swim_one_cm":2473,"minecraft:interact_with_crafting_table":7,"minecraft:fly_one_cm":88339,"minecraft:player_kills":3,"minecraft:open_chest":4,"minecraft:crouch_one_cm":345,"minecraft:play_time":60132,"minecraft:deaths":15,"minecraft:sneak_time":410,"minecraft:walk_under_water_one_cm":12056,"minecraft:jump":716,"minecraft:leave_game":3,"minecraft:walk_on_water_one_cm":1437,"minecraft:time_since_death":4112,"minecraft:sleep_in_bed":1,"minecraft:climb_one_cm":1723,"minecraft:total_world_time":60132,"minecraft:fall_one_cm":30954},"minecraft:killed_by":{"minecraft:player":9,"minecraft:zombie":2},"minecraft:crafted":{"minecraft:crafting_table":1,"minecraft:stick":16,"minecraft:wooden_axe":1,"minecraft:chest":1,"minecraft:jungle_sign":3,"minecraft:jungle_planks":36},"minecraft:used":{"minecraft:wooden_axe":8,"minecraft:chest":1,"minecraft:crafting_table":1,"minecraft:white_bed":1}},"DataVersion":3953}