{"stats":{"minecraft:custom":{"minecraft:jump":207,"minecraft:time_since_rest":20544,"minecraft:leave_game":1,"minecraft:sprint_one_cm":28344,"minecraft:play_time":20544,"minecraft:damage_taken":170,"minecraft:time_since_death":20544,"minecraft:walk_one_cm":25553,"minecraft:total_world_time":20544,"minecraft:fall_one_cm":4035,"minecraft:fly_one_cm":29957},"minecraft:mined":{"minecraft:oak_sign":1},"minecraft:picked_up":{"minecraft:bone":1,"minecraft:oak_sign":1,"minecraft:dirt":16}},"DataVersion":3953}