{"stats":{"minecraft:custom":{"minecraft:time_since_rest":17460,"minecraft:crouch_one_cm":4430,"minecraft:sprint_one_cm":31212,"minecraft:play_time":21825,"minecraft:deaths":2,"minecraft:damage_taken":630,"minecraft:walk_one_cm":24720,"minecraft:sneak_time":2041,"minecraft:walk_under_water_one_cm":2744,"minecraft:jump":360,"minecraft:damage_dealt":20,"minecraft:leave_game":8,"minecraft:walk_on_water_one_cm":249,"minecraft:time_since_death":17326,"minecraft:total_world_time":21825,"minecraft:swim_one_cm":116,"minecraft:talked_to_villager":3,"minecraft:fall_one_cm":8204,"minecraft:fly_one_cm":162017,"minecraft:horse_one_cm":235},"minecraft:picked_up":{"minecraft:wheat_seeds":2,"minecraft:egg":2},"minecraft:mined":{"minecraft:grass":2,"minecraft:tall_grass":5},"minecraft:used":{"minecraft:stripped_oak_wood":13}},"DataVersion":3465}