{"stats":{"minecraft:used":{"minecraft:oak_log":1},"minecraft:mined":{"minecraft:short_grass":1,"minecraft:oak_log":1,"minecraft:oak_leaves":1},"minecraft:custom":{"minecraft:jump":238,"minecraft:open_chest":1,"minecraft:time_since_rest":11007,"minecraft:crouch_one_cm":491,"minecraft:damage_dealt":93,"minecraft:sprint_one_cm":30554,"minecraft:play_time":11007,"minecraft:damage_taken":175,"minecraft:time_since_death":11007,"minecraft:walk_one_cm":61495,"minecraft:sneak_time":139,"minecraft:climb_one_cm":424,"minecraft:total_world_time":11007,"minecraft:walk_under_water_one_cm":3379,"minecraft:fall_one_cm":7894,"minecraft:fly_one_cm":26525,"minecraft:leave_game":1,"minecraft:walk_on_water_one_cm":649},"minecraft:picked_up":{"minecraft:oak_log":1}},"DataVersion":3953}