{"stats":{"minecraft:killed_by":{"minecraft:skeleton":1},"minecraft:custom":{"minecraft:jump":156,"minecraft:time_since_rest":9811,"minecraft:damage_dealt":10,"minecraft:damage_taken":235,"minecraft:leave_game":4,"minecraft:crouch_one_cm":2621,"minecraft:time_since_death":9783,"minecraft:play_time":11063,"minecraft:sprint_one_cm":37259,"minecraft:walk_one_cm":11156,"minecraft:walk_on_water_one_cm":1041,"minecraft:deaths":1,"minecraft:sneak_time":1861,"minecraft:total_world_time":11063,"minecraft:walk_under_water_one_cm":81,"minecraft:swim_one_cm":2703,"minecraft:fall_one_cm":6769,"minecraft:fly_one_cm":24252}},"DataVersion":3465}