{
  "minecraft:recipes/decorations/crafting_table": {
    "criteria": {
      "unlock_right_away": "2024-08-20 04:57:10 +0000"
    },
    "done": true
  },
  "minecraft:adventure/root": {
    "criteria": {
      "killed_something": "2024-08-20 05:03:36 +0000"
    },
    "done": true
  },
  "minecraft:adventure/kill_all_mobs": {
    "criteria": {
      "minecraft:zombie": "2024-08-20 05:03:36 +0000"
    },
    "done": false
  },
  "minecraft:adventure/kill_a_mob": {
    "criteria": {
      "minecraft:zombie": "2024-08-20 05:03:36 +0000"
    },
    "done": true
  },
  "minecraft:adventure/adventuring_time": {
    "criteria": {
      "minecraft:beach": "2024-08-20 05:00:36 +0000",
      "minecraft:desert": "2024-08-20 05:00:38 +0000",
      "minecraft:river": "2024-08-20 05:00:06 +0000",
      "minecraft:savanna": "2024-08-20 04:57:10 +0000",
      "minecraft:warm_ocean": "2024-08-20 05:00:53 +0000"
    },
    "done": false
  },
  "DataVersion": 3953
}